brand,cpu_average,cpu,gpu_average,gpu,storage,ram,os,camera,price,weight,screen_size
asus,0.4575299773281172,Core i5-11400H,0.4179285217380141,NVIDIA GeForce RTX 3050,1024,4,Windows 10 Home,720p HD f2.0,3143.89,1.53,15.7
dell,0.3836294823192086,Core i5-11300H,0.189936238154521,NVIDIA GeForce MX350,1024,4,Windows 10 Home,VGA Webcam,3187.09,1.93,15.6
acer,0.517973334074048,Ryzen 9 5900HX,0.1800600038205396,Nvidia GeForce MX250,32,4,Chrome OS™,720p HD,936.62,1.33,11.68
lenovo,0.3209211562214624,Core i5-1035G7,0.3459948647593787,NVIDIA GeForce RTX 3050Ti,1024,8,Windows 11 Home,VGA,4437.32,1.26,14.0
microsoft,0.3953780592993547,Core i5-1135G7,0.3341125709433435,NVIDIA GeForce GTX 1650,1024,16,Windows 10 Home,HP Wide Vision 720p HD camera with integrated dual array digital microphones,3290.91,2.04,15.78
msi,0.1173655021038944,Celeron N4020,0.189936238154521,NVIDIA GeForce MX350,64,2,Windows 10 Home,"720p HD Camera, excellent for Video Conferencing",999.0,1.55,11.78
msi,0.513957951005209,Core i7-11800H,0.5736915197884364,NVIDIA GeForce RTX™ 3060,256,32,Windows 11 Home,HP Wide Vision 720p HD camera with integrated dual array digital microphones,9399.0,1.82,15.03
acer,0.4577688916709386,Core i7-11370H,0.3341125709433435,NVIDIA GeForce GTX1650,256,16,Windows 11 Home,HD,4957.13,2.27,15.6
acer,0.3953780592993547,Core i5-1135G7,0.4179285217380141,NVIDIA GeForce RTX 3050,256,16,Windows 10 Home 64,HP TrueVision HD Camera with integrated dual array digital microphone,2274.41,1.6,14.16
huawei,0.312497344102944,Core i5-10210U,0.4179285217380141,NVIDIA GeForce RTX 3050,256,4,Windows 10 Home,HD type (30fps @ 720p),2311.91,1.99,14.0
acer,0.353830895397641,Core i3-1115G4,0.3341125709433435,NVIDIA GeForce GTX 1650,512,2,Windows 10 Home,HD,2699.0,1.85,15.6
huawei,0.4912501631891966,Ryzen 7 5800H ,0.4548020119982481,NVIDIA GeForce GTX 1660 Ti,512,16,Windows 11 Home,HP Wide Vision 720p HD camera with camera shutter and integrated dual array digital microphones,5235.95,2.37,15.51
lenovo,0.4383371870844507,Core i7-1165G7,0.4179285217380141,NVIDIA GeForce RTX 3050,1024,8,Windows 10 Home,720p with Privacy Shutter,6089.08,1.57,13.48
asus,0.3953780592993547,Core i5-1135G7,0.189936238154521,Nvidia Geforce MX350,512,16,Windows 10,IR Camera with Microphone & ThinkShutter,3599.0,1.38,13.34
lenovo,0.513957951005209,Core i7-11800H,0.5736915197884364,GeForce RTX 3060,256,8,Windows 11 Home,720p,4831.87,2.2,15.6
microsoft,0.4064103408254623,Core i7-10750H,0.1800600038205396,NVIDIA GeForce MX250,1024,32,Windows 11 Home,HD,11999.0,1.67,14.52
msi,0.3953780592993547,Core i5-1135G7,0.3341125709433435,NVIDIA GeForce GTX1650,512,8,Windows 10 Home,VGA,2567.63,1.38,14.7
msi,0.353830895397641,Core i3-i3-1115G4,0.3341125709433435,NVIDIA GeForce GTX1650,512,16,Windows 10 Home,720p HD,1416.94,1.58,15.41
asus,0.4383371870844507,Core i7-1165G7,0.1800600038205396,NVIDIA GeForce MX250,512,4,Windows 10 Home,,5771.01,1.33,13.47
huawei,0.3953780592993547,Core i5-1135G7,0.3341125709433435,NVIDIA GeForce GTX 1650,512,16,Windows 10 Home in S mode,,3397.0,1.7,15.93
huawei,0.4414286198575741,Core i7-1185G7,0.3502279909231651,AMD Radeon RX5500M,512,8,Windows 10 Home,HD camera with IR function to support Windows Hello,3799.61,1.39,14.0
lenovo,0.3238647388453149,Ryzen 3 5300U,0.1699954517350782,Intel Iris Xe Graphics G7 80EUs,1024,4,Windows 10 Home,HD,3497.0,1.95,14.0
acer,0.353830895397641,Core i3-1115G4,0.4179285217380141,NVIDIA GeForce RTX 3050,256,2,Windows 10 Home,VGA,2499.0,1.6,13.33
hp,0.4272699098780733,Core i5-1155G7,0.1518889877389806,AMD Radeon RX Vega 7,1024,4,Windows 10 Home 64,720P HD,4225.18,1.49,13.87
lenovo,0.1173655021038944,Celeron N4020,0.4548020119982481,NVIDIA GeForce GTX 1660 Ti,256,4,Windows 10 Home,HD,2199.0,1.3,13.73
dell,0.4383371870844507,Core i7-1165G7,0.1323715649752131,NVIDIA GeForce MX450,256,16,Windows 10 Home,HP True Vision 720p HD camera with integrated dual array digital microphones,5599.0,2.28,15.6
lenovo,0.4580430557533557,Ryzen 5 5600H,0.189936238154521,NVIDIA GeForce MX350,1024,4,Chrome OS™,HD,3186.48,1.04,12.64
acer,0.3953780592993547,Core i5-1135G7,0.1699954517350782,Intel Iris Xe Graphics G7 80EUs,512,8,Windows 10 Home,720p HD,3197.09,1.42,14.0
dell,0.4272699098780733,Core i5-1155G7,0.1699954517350782,Intel Iris Xe Graphics G7 80EUs,1024,8,Windows 11 Home,HD camera with IR function to support Windows Hello,3413.42,1.23,14.0
acer,0.3836294823192086,Core i5-11300H,0.3341125709433435,NVIDIA GeForce GTX 1650,128,4,Windows 10 Home Single Language 64,HD,5089.49,1.02,12.2
microsoft,0.4394786686468998,Core i7-1195G7,0.189936238154521,Nvidia Geforce MX350,1024,16,Windows 11 Home,1,5257.0,2.2,14.91
dell,0.3953780592993547,Core i5-1135G7,0.1699954517350782,Intel Iris Xe Graphics G7 80EUs,256,16,Windows 11 Home,HP Wide Vision 720p HD camera with camera shutter and integrated dual array digital microphones,5262.7,1.68,15.6
msi,0.3953780592993547,Core i5-1135G7,0.1323715649752131,NVIDIA GeForce MX450,256,16,Windows 10 Pro,720p,3599.0,1.53,14.0
huawei,0.3836294823192086,Core i5-11300H,0.215742631754249,Intel Iris Xe Graphics G7 96EUs,128,16,Windows 10 Home 64,"720p HD Camera, excellent for Video Conferencing",4501.02,1.6,14.0
asus,0.513957951005209,Core i7-11800H,0.3341125709433435,NVIDIA GeForce GTX 1650,1024,16,Windows 10 Home,720p HD Camera,11999.0,2.12,16.0
hp,0.3953780592993547,Core i5-1135G7,0.3459948647593787,NVIDIA GeForce RTX 3050 Ti ,1024,8,Windows 10 Home,HD,2699.0,1.68,15.6
msi,0.3836294823192086,Core i5-11300H,0.3459948647593787,NVIDIA GeForce RTX 3050Ti,512,32,Windows 10 Home,HP Wide Vision 720p HD camera with integrated dual array digital microphones,6539.58,1.15,13.2
microsoft,0.3686894864877217,Ryzen 5 4600H,0.1204766946766549,AMD Radeon RX Vega 6,512,8,Windows 11 Home,,5143.77,1.25,12.87
lenovo,0.353830895397641,Core i3-1115G4,0.1204766946766549,AMD Radeon RX Vega 6,256,2,Windows 11 Home,720p HD f2.0,3420.15,1.3,14.0
microsoft,0.353830895397641,Core i3-1115G4,0.1699954517350782,Intel Iris Xe Graphics G7 80EUs,1024,8,Windows 10 Home,720p HD,3152.37,1.82,15.6
lenovo,0.3209211562214624,Core i5-1035G7,0.3459948647593787,NVIDIA GeForce RTX 3050 Ti ,256,4,Windows 10 Home 64,720p with Privacy Shutter,4245.0,1.33,13.1
huawei,0.4575299773281172,Core i5-11400H,0.1204766946766549,AMD Radeon RX Vega 6,1024,8,Windows 11 Home,HD,2999.0,2.46,15.6
msi,0.517973334074048,Ryzen 9 5900HX,0.1204766946766549,AMD Radeon RX Vega 6,1024,4,Windows 11 Home,VGA,2618.02,2.14,16.25
huawei,0.353830895397641,Core i3-1115G4,0.3341125709433435,NVIDIA GeForce GTX 1650,1024,4,Windows 10 Home,280 x 720,3563.57,1.81,15.96
asus,0.3953780592993547,Core i5-1135G7,0.1323715649752131,NVIDIA GeForce MX450,512,32,Windows 10 Home,,6899.0,1.32,14.25
asus,0.1967089472306549,Athlon Silver 3050U,0.1800600038205396,NVIDIA GeForce MX250,256,32,Windows 11 Home,720p HD,4799.0,1.15,12.83
acer,0.513957951005209,Core i7-11800H,0.3341125709433435,NVIDIA GeForce GTX 1650,512,8,Windows 11 Home,HP True Vision 720p HD camera with integrated dual array digital microphones,3842.61,2.2,15.6
msi,0.353830895397641,Core i3-1115G4,0.1800600038205396,NVIDIA GeForce MX250,256,16,Windows 10 Home 64,HP True Vision 720p HD camera with integrated dual array digital microphones,2599.0,1.92,15.51
huawei,0.236661359419249,Ryzen 3 3300U,0.5736915197884364,NVIDIA GeForce RTX 3060,1024,4,Windows 10 Home,HP True Vision 720p HD camera with integrated dual array digital microphones,3799.0,2.48,16.3
acer,0.4326254097181302,Ryzen 5 5600U,0.1699954517350782,Intel Iris Xe Graphics G7 80EUs,128,8,Windows 11 Home,HD,1871.55,1.53,15.39
hp,0.3915181082481062,Ryzen 7 4980U,0.1323715649752131,NVIDIA GeForce MX450,128,2,Windows 11 Home,HP Wide Vision 720p HD camera with integrated dual array digital microphones,2153.55,1.6,14.0
lenovo,0.312497344102944,Core i5-10210U,0.1699954517350782,Intel Iris Xe Graphics G7 80EUs,1024,8,Windows 11 Home,HP TrueVision HD Camera with integrated dual array digital microphone,3599.0,1.2,13.94
lenovo,0.3330789613599594,Core i5-1035G1,0.3341125709433435,NVIDIA GeForce GTX 1650,256,8,Windows 10 Home,720P HD Recessed,4497.0,1.5,14.0
asus,0.3953780592993547,Core i5-1135G7,0.4179285217380141,NVIDIA GeForce RTX 3050,256,4,Windows 10 Home in S mode,720p HD,2624.22,1.48,14.0
acer,0.236661359419249,Ryzen 3 3300U,0.4179285217380141,NVIDIA GeForce RTX 3050,512,32,Windows 10 Home, 30fps@720p,7394.71,1.71,15.6
acer,0.3206500410155922,Core i5-8565U,0.3459948647593787,NVIDIA GeForce RTX 3050Ti,128,8,Windows 10 Pro 64,HD,1247.42,1.3,14.0
lenovo,0.2979853329682239,Core i3-1005G1,0.4179285217380141,NVIDIA GeForce RTX 3050,64,2,Windows 10 Pro,VGA Web Camera (Fixed type),1397.0,1.1,10.1
asus,0.312497344102944,Core i5-10210 processor,0.1323715649752131,NVIDIA GeForce MX450,256,8,Windows 11 Home,HP Wide Vision 720p HD camera with camera shutter and integrated dual array digital microphones,1799.0,1.45,14.98
dell,0.513957951005209,Core i7-11800H,0.3459948647593787,NVIDIA GeForce RTX 3050Ti,2048,32,Windows 11 Home,HP Wide Vision 720p HD camera with integrated dual array digital microphones,12525.82,1.76,14.2
acer,0.1985257025502327,Pentium Silver N6000,0.1323715649752131,NVIDIA GeForce MX450,256,4,Windows 10 Home,HD,3497.0,1.49,14.46
microsoft,0.4272699098780733,Core i5-1155G7,0.5736915197884364,NVIDIA GeForce RTX 3060,512,16,Windows 10 Home,HP Wide Vision 720p HD camera with camera shutter and integrated dual array digital microphones,3226.29,1.38,14.29
huawei,0.4326254097181302,Ryzen 5 5600U,0.1323715649752131,NVIDIA GeForce MX450,128,8,Windows 11 Home,"720p HD Camera, excellent for Video Conferencing",1999.0,1.25,13.4
microsoft,0.513957951005209,Core i7-11800,0.5736915197884364,GeForce RTX 3060,512,8,Windows 11 Home,720p with Privacy Shutter,4681.53,2.2,15.36
msi,0.1967089472306549,Athlon Silver 3050U,0.189936238154521,Nvidia Geforce MX350,256,2,Windows 10 Home,,1760.72,1.58,14.0
asus,0.4272699098780733,Core i5-1155G7,0.189936238154521,NVIDIA GeForce MX350,1024,8,Windows 10 Home,VGA,3397.0,1.69,15.52
msi,0.4383371870844507,Core i7-1165G7,0.4179285217380141,NVIDIA GeForce RTX 3050,512,8,Windows 10 Home,1,5749.61,1.33,12.93
acer,0.3330789613599594,Core i5-1035G1,0.1253689842951036,Intel Iris Plus Graphics G7 (Ice Lake 64 EU),512,16,Windows 11 Home,HP Wide Vision 720p HD camera with camera shutter and integrated dual array digital microphones,4611.14,1.5,14.0
microsoft,0.353830895397641,Core i3-1115G4,0.1323715649752131,NVIDIA GeForce MX450,256,8,Windows 11 Home,720p,4199.0,2.2,16.05
hp,0.353830895397641,Core i3-i3-1115G4,0.1699954517350782,Intel Iris Xe Graphics G7 80EUs,256,4,Windows 10 Home,VGA Webcam,2299.0,1.41,14.0
acer,0.513957951005209,Core i7-11800H,0.189936238154521,NVIDIA GeForce MX350,1024,16,Windows 10 Home,HD,4495.03,1.55,15.71
msi,0.513957951005209,Core i7-11800,0.5736915197884364,NVIDIA GeForce RTX 3060,1024,4,Windows 10 Pro,,4099.0,2.33,15.06
dell,0.4383371870844507,Core i7-1165G7,0.3341125709433435,NVIDIA GeForce GTX1650,1024,32,Windows 10 Home,,6796.93,2.14,16.0
msi,0.4414286198575741,i7-1185G7,0.3341125709433435,NVIDIA GeForce GTX1650,256,16,Windows 11 Home,HP True Vision 720p HD camera with integrated dual array digital microphones,4599.0,2.21,16.0
dell,0.3953780592993547,Core i5-1135G7,0.1323715649752131,NVIDIA GeForce MX450,256,8,Windows 11 Home,720p HD camera,2680.32,2.53,15.11
acer,0.3330789613599594,Core i5-1035G1,0.189936238154521,NVIDIA GeForce MX350,128,8,Windows 10 Home 64,HD,4657.17,1.52,14.0
asus,0.3238647388453149,Ryzen 3 5300,0.3341125709433435,NVIDIA GeForce GTX 1650,512,8,Windows 10 Home 64,HD camera with IR function to support Windows Hello,3999.0,0.95,13.8
hp,0.6181556114768461,Core i7-12700H,0.1204766946766549,AMD Radeon RX Vega 6,2048,32,Windows 11 Home,HD,11999.0,1.68,14.4
microsoft,0.3953780592993547,Core i5-1135G7,0.1699954517350782,Intel Iris Xe Graphics G7 80EUs,1024,2,Windows 10 Home 64,720p HD,3181.99,1.68,13.78
hp,0.353830895397641,Core i3-1125G4,0.4548020119982481,NVIDIA GeForce GTX 1660 Ti,256,8,Windows 10 Home,HD,1301.54,1.41,14.0
huawei,0.517973334074048,Ryzen 9 5900HX,0.2185716480671388,Intel Iris Xe Graphics,512,4,Windows 10 Home,720p with Privacy Shutter,3970.58,2.54,16.26
asus,0.3953780592993547,Core i5-1135G7,0.1204766946766549,AMD Radeon RX Vega 6,256,8,Windows 10 Home 64,HD,3779.73,1.02,14.47
acer,0.4577688916709386,Core i7-11370H,0.1699954517350782,Intel Iris Xe Graphics G7 80EUs,1024,16,Windows 11 Home,720P HD Recessed,4303.97,2.18,15.62
dell,0.4383371870844507,Core i7-1165G7,0.1518889877389806,AMD Radeon RX Vega 7,512,16,Windows 11 Home,IR Camera with Microphone & ThinkShutter,4982.85,1.2,13.53
asus,0.4383371870844507,Core i7-1165G7,0.3341125709433435,NVIDIA GeForce GTX 1650,2048,16,Windows 10 Home,HP Wide Vision HD camera with camera shutter and integrated dual array digital microphone,7099.0,1.39,13.59
huawei,0.513957951005209,Core i7-11800,0.3341125709433435,NVIDIA GeForce GTX 1650,1024,8,Windows 10 Home 64,HD type (30fps @ 720p),3637.33,1.52,15.38
lenovo,0.4414286198575741,Core i7-1185G7,0.1699954517350782,Intel Iris Xe Graphics G7 80EUs,128,16,Windows 10 Home,HD,6412.69,1.48,15.59
dell,0.353830895397641,Core i3-1125G4,0.5736915197884364,NVIDIA GeForce RTX 3060,512,8,Windows 10 Home,HD type (30fps @ 720p),2023.21,1.29,14.68
lenovo,0.4383371870844507,Core i7-1165G7,0.3341125709433435,NVIDIA GeForce GTX1650,256,16,Windows 10 Home 64,HD,7397.0,2.3,16.48
huawei,0.1242853667715011,Celeron N4500,0.5736915197884364,NVIDIA GeForce RTX 3060,512,16,Windows 11 Home,720P HD,4799.0,1.32,13.43
msi,0.3330789613599594,Core i5-1035G1,0.1699954517350782,Intel Iris Xe Graphics G7 80EUs,1024,8,Windows 10 Home,720p,7508.93,1.33,13.45
msi,0.353830895397641,Core i3-1115G4,0.1323715649752131,NVIDIA GeForce MX450,256,8,Windows 11 Home,HD,1889.16,1.33,13.76
huawei,0.3953780592993547,Core i5-1135G7,0.1699954517350782,Intel Iris Xe Graphics G7 80EUs,256,8,Windows 10 Home,720p HD f2.0 camera (front-facing),3297.0,1.59,13.47
microsoft,0.3953780592993547,Core i5-1135G7,0.3341125709433435,NVIDIA GeForce GTX 1650,512,16,Windows 10 Home 64,1,4938.65,1.23,13.5
dell,0.4064103408254623,Core i7 10750H,0.1323715649752131,NVIDIA GeForce MX450,512,8,Windows 10,720P HD Recessed camera,7529.84,1.63,14.46
hp,0.1985257025502327,Pentium Silver N6000,0.1800600038205396,NVIDIA GeForce MX250,256,4,Windows 10 Home,720p with Privacy Shutter,3176.28,1.0,13.29
asus,0.3836294823192086,Core i5-11300H,0.1800600038205396,NVIDIA GeForce MX250,256,16,Windows 10 Home 64,1,4984.78,2.24,15.2
lenovo,0.4577688916709386,Core i7-11370H,0.1985898010668761,AMD Radeon RX Vega 8,1024,8,Windows 11 Home,,4799.0,2.29,14.93
asus,0.3238647388453149,Ryzen 3 5300,0.1518889877389806,AMD Radeon RX Vega 7,1024,4,Windows 10 Home,HD,4682.44,2.31,15.72
asus,0.3238647388453149,Ryzen 3 5300U,0.4179285217380141,NVIDIA GeForce RTX 3050,256,8,Windows 11 Home,HD,4178.39,1.48,13.31
lenovo,0.353830895397641,Core i3-1115G4,0.3341125709433435,NVIDIA GeForce GTX 1650,512,8,Windows 10 Home,1080p with Windows Hello Authentication,3909.36,1.46,16.22
lenovo,0.1967089472306549,Athlon Silver 3050U,0.3459948647593787,NVIDIA GeForce RTX 3050Ti,128,2,Windows 10 Home 64,IR HD type (30fps@720p),1497.0,1.41,14.0
huawei,0.353830895397641,Core i3-1115G4,0.4548020119982481,NVIDIA GeForce GTX 1660 Ti,256,4,Windows 10 Home,720p with Privacy Shutter,2699.0,1.7,16.19
hp,0.4064103408254623,Core i7-10750H,0.1699954517350782,Intel Iris Xe Graphics G7 80EUs,256,16,Windows 10 Home 64,1,7490.58,1.54,15.0
dell,0.4064103408254623,Core i7 10750H,0.4179285217380141,NVIDIA GeForce RTX 3050,256,8,Windows 10 Home Single Language 64,VGA Web Camera (Fixed type),6999.0,1.53,13.78
lenovo,0.4577688916709386,Core i7-11370H,0.1323715649752131,NVIDIA GeForce MX450,64,4,Chrome OS™,720p with Privacy Shutter,1899.0,1.24,11.2
dell,0.353830895397641,Core i3-i3-1115G4,0.3341125709433435,NVIDIA GeForce GTX 1650,512,8,Windows 10 Home,720p HD camera,2462.35,1.79,16.2
msi,0.3587753489341095,Ryzen 5 5500U,0.1699954517350782,Intel Iris Xe Graphics G7 80EUs,1024,32,Windows 11 Home,HD,5440.04,1.11,14.0
dell,0.4383371870844507,Core i7-1165G7,0.5736915197884364,NVIDIA GeForce RTX 3060,512,4,Windows 11 Home,720p with Privacy Shutter,5098.48,2.2,15.87
acer,0.353830895397641,Core i3-1125G4,0.4548020119982481,NVIDIA GeForce GTX 1660 Ti,512,4,Windows 11 Home,HD,2611.16,1.62,15.51
msi,0.517973334074048,Ryzen 9 5900HX,0.3341125709433435,NVIDIA GeForce GTX 1650,128,2,Windows 10 Home,HD 720p CMOS module,899.05,0.92,9.63
lenovo,0.4680123745313514,Ryzen 7 5800U,0.1800600038205396,NVIDIA GeForce MX250,128,8,Windows 11 Home,HD 720p CMOS module,2611.6,1.4,13.95
huawei,0.3953780592993547,Core i5-1135G7,0.3502279909231651,AMD Radeon RX5500M,512,8,Windows 10 Home,HP TrueVision HD Camera with integrated dual array digital microphone,4139.67,1.5,14.04
huawei,0.513957951005209,Core i7-11800H,0.189936238154521,Nvidia Geforce MX350,1024,8,Windows 10,HD,7587.69,1.61,15.61
hp,0.1967089472306549,Athlon Silver 3050U,0.5736915197884364,NVIDIA GeForce RTX 3060,128,4,Windows 10 Pro 64,HP Wide Vision 720p HD camera with integrated dual array digital microphones,5153.58,1.57,15.25
asus,0.4383371870844507,Core i7-1165G7,0.5736915197884364,NVIDIA GeForce RTX 3060,512,8,Windows 10 Home 64,HD,4376.11,1.31,13.84
hp,0.3953780592993547,Core i5-1135G7,0.1699954517350782,Intel Iris Xe Graphics G7 80EUs,1024,4,Windows 11 Home,,4523.42,1.58,15.1
microsoft,0.513957951005209,Core i7-11800,0.3341125709433435,NVIDIA GeForce GTX 1650,256,4,Windows 10 Home,HD 720p CMOS module,5118.8,1.79,16.13
acer,0.4575299773281172,Core i5-11400H,0.4179285217380141,NVIDIA GeForce RTX 3050,512,16,Windows 10 Home,HP True Vision 720p HD camera with integrated dual array digital microphones,3755.82,1.1,11.81
acer,0.1985257025502327,Pentium Silver N6000,0.3459948647593787,NVIDIA GeForce RTX 3050Ti,1024,16,Windows 10 Home,720p HD,2871.25,1.57,13.65
lenovo,0.4272699098780733,Core i5-1155G7,0.3341125709433435,NVIDIA GeForce GTX 1650,512,32,Windows 10 Home,HD,6140.79,1.45,14.17
hp,0.4575299773281172,Core i5-11400H,0.1323715649752131,NVIDIA GeForce MX450,128,16,Windows 10 Home, 720P HD Recessed camera,3169.94,1.53,14.3
dell,0.6181556114768461,Core i7-12700H,0.3459948647593787,NVIDIA GeForce RTX 3050 Ti,1024,8,Windows 11 Home,IR HD Type (30 fps @ 720p),9399.0,1.76,14.4
microsoft,0.3605373231677384,Core i5-10300H,0.1518889877389806,AMD Radeon RX Vega 7,128,4,Windows 10 Home,HD,3388.0,1.11,12.6
msi,0.1967089472306549,Athlon Silver 3050U,0.2185716480671388,Intel Iris Xe Graphics,32,8,Windows 11 Home,VGA Web Camera (Fixed type),2259.14,1.32,12.28
lenovo,0.1967089472306549,Athlon Silver 3050U,0.3459948647593787,NVIDIA GeForce RTX 3050Ti,32,2,Windows 10 Home,  720p HD camera with microphone; IR camera,1559.61,1.45,11.78
dell,0.4064103408254623,Core i7-10750H,0.3459948647593787,NVIDIA GeForce RTX 3050 Ti ,256,16,Windows 10 Home in S mode,,4399.98,1.21,13.39
microsoft,0.4394786686468998,Core i7-1195G7,0.3341125709433435,NVIDIA GeForce GTX 1650,256,8,Windows 11 Home,HP Wide Vision 720p HD camera with integrated dual array digital microphones,5299.0,2.36,15.55
huawei,0.312497344102944,Core i5-10210 processor,0.1699954517350782,Intel Iris Xe Graphics G7 80EUs,256,16,Windows 10 Home,,6837.15,1.63,14.17
lenovo,0.2747991840325483,i3-10110U,0.5736915197884364,NVIDIA GeForce RTX 3060,512,2,Windows 10 Home,HD,2705.83,1.9,15.6
msi,0.3953780592993547,Core i5-1135G7,0.1518889877389806,AMD Radeon RX Vega 7,256,4,Windows 10 Home,HD,3301.05,1.0,13.3
lenovo,0.513957951005209,Core i7-11800,0.4505974360034263,NVIDIA GeForce RTX 3060 Max-Q,512,8,Chrome OS™,720p HD,5199.0,1.3,14.0
hp,0.3836294823192086,Core i5-11300H,0.1699954517350782,Intel Iris Xe Graphics G7 80EUs,256,4,Windows 11 Home,HP Wide Vision 720p HD camera with integrated dual array digital microphones,3816.09,1.14,14.48
microsoft,0.353830895397641,Core i3-1115G4,0.1699954517350782,Intel Iris Xe Graphics G7 80EUs,1024,16,Windows 10 Home,HD,2743.34,1.59,14.0
dell,0.517973334074048,Ryzen 9 5900HX,0.4179285217380141,NVIDIA GeForce RTX 3050,1024,8,Windows 10 Home,HP Wide Vision 720p HD camera with integrated dual array digital microphones,4595.34,0.92,13.63
hp,0.3836294823192086,Core i5-11300H,0.5736915197884364,NVIDIA GeForce RTX 3060,256,4,Windows 11 Home,,2997.0,1.75,15.6
asus,0.3953780592993547,Core i5-1135G7,0.1204766946766549,AMD Radeon RX Vega 6,128,8,Windows 10 Home,IR Camera with Microphone & ThinkShutter,2491.99,0.93,11.9
acer,0.3587753489341095,Ryzen 5 5500U,0.1204766946766549,AMD Radeon RX Vega 6,256,16,Windows 10 Home,IR HD type (30fps@720p),2630.53,0.86,13.3
huawei,0.4383371870844507,Core i7-1165G7,0.3341125709433435,NVIDIA GeForce GTX 1650,1024,4,Windows 10 Pro 64,HP True Vision 720p HD camera with integrated dual array digital microphones,2019.33,1.6,14.36
huawei,0.4575299773281172,Core i5-11400H,0.1204766946766549,AMD Radeon RX Vega 6,512,4,Windows 10 Home,,1899.0,1.53,13.56
huawei,0.4383371870844507,Core i7-1165G7,0.1204766946766549,AMD Radeon RX Vega 6,256,4,Windows 10 Home,HD,4285.76,2.4,14.89
msi,0.3209211562214624,Core i5-1035G7,0.3341125709433435,NVIDIA GeForce GTX 1650,128,16,Windows 10 Pro 64,HP Wide Vision 720p HD camera with integrated dual array digital microphones,4828.0,1.16,13.5
asus,0.353830895397641,Core i3-i3-1115G4,0.2185716480671388,Intel Iris Xe Graphics,256,4,Windows 10 Home Single Language 64,1,3417.12,1.41,14.18
microsoft,0.3953780592993547,Core i5-1135G7,0.1323715649752131,NVIDIA GeForce MX450,256,4,Windows 10 Home,HD,3799.0,1.38,14.0
msi,0.6181556114768461,Core i7-12700H,0.3341125709433435,NVIDIA GeForce GTX1650,256,8,Windows 11 Home,1,9778.87,1.91,14.4
dell,0.4577688916709386,Core i7-11370H,0.0704614297086188,AMD Radeon RX Vega 3,1024,16,Windows 10 Home,1080p with Windows Hello Authentication,7397.0,2.74,16.99
huawei,0.236661359419249,Ryzen 3 3300U,0.1323715649752131,NVIDIA GeForce MX450,256,16,Windows 10 Home,HD 720p CMOS module,3516.32,1.65,14.98
lenovo,0.1242853667715011,Celeron N4500,0.1323715649752131,NVIDIA GeForce MX450,256,4,Windows 10 Home,HP Wide Vision 720p HD camera with integrated dual array digital microphones,2559.43,1.55,14.27
hp,0.3330789613599594,Core i5-1035G1,0.1204766946766549,AMD Radeon RX Vega 6,256,4,Windows 10 Home,1080p with Windows Hello Authentication,3861.35,1.51,14.0
dell,0.3836294823192086,Core i5-11300H,0.5736915197884364,NVIDIA GeForce RTX™ 3060,512,4,Windows 10 Home Single Language 64,"720p, with privacy shutter, fixed focus",2944.49,1.31,14.0
msi,0.4383371870844507,Core i7-1165G7,0.1699954517350782,Intel Iris Xe Graphics G7 80EUs,512,16,Windows 10 Home,720p HD camera,4397.0,2.3,15.1
huawei,0.517973334074048,Ryzen 9 5900HX,0.1699954517350782,Intel Iris Xe Graphics G7 80EUs,256,8,Windows 11 Home,HP Wide Vision 720p HD camera with camera shutter and integrated dual array digital microphones,4969.25,1.13,13.56
dell,0.4064103408254623,Core i7-10750H,0.3341125709433435,NVIDIA GeForce GTX 1650,512,16,Windows 10 Home 64,HD type (30fps@720p),5503.56,1.17,12.81
microsoft,0.4383371870844507,Core i7-1165G7,0.1204766946766549,AMD Radeon RX Vega 6,256,8,Windows 10 Home,VGA Web Camera (Fixed type),4387.77,1.91,13.41
lenovo,0.4394786686468998,Core i7-1195G7,0.3502279909231651,AMD Radeon RX5500M,256,32,Windows 10 Home 64,720p HD,7620.94,2.96,16.94
huawei,0.517973334074048,Ryzen 9 5900HX,0.1699954517350782,Intel Iris Xe Graphics G7 80EUs,1024,8,Windows 10 Home,720P HD,2580.67,1.0,13.3
hp,0.1985257025502327,Pentium Silver N6000,0.2185716480671388,Intel Iris Xe Graphics,512,16,Windows 10 Home Single Language 64,HD,3660.8,1.0,13.3
microsoft,0.353830895397641,i3-1115G4,0.1518889877389806,AMD Radeon RX Vega 7,512,16,Windows 10 Pro,HD,3999.0,0.88,13.64
hp,0.2020757732815178,Athlon Gold 3150U,0.5736915197884364,NVIDIA GeForce RTX™ 3060,1024,32,Windows 11 Home,IR & 720p HD Camera with PrivacyShutter,4617.83,1.48,13.23
msi,0.3953780592993547,Core i5-1135G7,0.1323715649752131,NVIDIA GeForce MX450,512,4,Windows 10 Home,HP True Vision 720p HD camera with integrated dual array digital microphones,3260.13,1.4,14.21
acer,0.1967089472306549,Athlon Silver 3050U,0.4548020119982481,NVIDIA GeForce GTX 1660 Ti,1024,4,Windows 10 Home,1,2099.0,1.38,13.59
huawei,0.517973334074048,Ryzen 9 5900HX,0.3453863886068922,AMD Radeon Graphics,1024,8,Windows 10 Home,VGA Webcam,3679.58,1.2,14.0
dell,0.4912501631891966,Ryzen 7 5800H,0.3341125709433435,NVIDIA GeForce GTX 1650,512,16,Windows 10 Home,HD type (30fps @ 720p),4779.02,2.23,15.99
lenovo,0.3953780592993547,Core i5-1135G7,0.215742631754249,Intel Iris Xe Graphics G7 96EUs,512,16,Windows 11 Home,720p HD f2.0,2347.1,1.76,16.09
acer,0.513957951005209,Core i7-11800H,0.1204766946766549,AMD Radeon RX Vega 6,512,8,Windows 10 Home,720p HD f2.0 camera (front-facing),8299.0,1.54,15.0
hp,0.3953780592993547,Core i5-1135G7,0.3453863886068922,AMD Radeon Graphics,512,8,Chrome OS,1,4946.19,1.42,13.0
msi,0.353830895397641,Core i3-1115G4,0.0704614297086188,AMD Radeon RX Vega 3,512,16,Windows 10 Home,,2612.32,2.07,15.6
dell,0.353830895397641,Core i3-i3-1115G4,0.2185716480671388,Intel Iris Xe Graphics,1024,4,Windows 11 Home,,2699.0,1.98,15.6
lenovo,0.4414286198575741,Core i7-1185G7,0.3341125709433435,NVIDIA GeForce GTX 1650,512,16,Windows 10 Pro 64,HP True Vision 720p HD camera with integrated dual array digital microphones,3460.29,0.91,13.3
lenovo,0.4912501631891966,Ryzen 7 5800H ,0.3341125709433435,NVIDIA GeForce GTX 1650,1024,8,Windows 10 Pro,HD,3999.0,1.0,13.3
microsoft,0.2020757732815178,Athlon Gold 3150U,0.1204766946766549,AMD Radeon RX Vega 6,512,2,Windows 10 Home,HD,2499.0,1.42,13.77
lenovo,0.1985257025502327,Pentium Silver N6000,0.4179285217380141,NVIDIA GeForce RTX 3050,1024,4,Windows 10 Home in S mode,720p with Privacy Shutter,3799.0,2.32,16.22
msi,0.3953780592993547,Core i5-1135G7,0.1800600038205396,NVIDIA GeForce MX250,1024,16,Windows 10 Home,HP TrueVision HD Camera with integrated dual array digital microphone,4550.34,1.4,14.0
hp,0.2747991840325483,Core i3-10110U,0.1204766946766549,AMD Radeon RX Vega 6,512,16,Windows 10 Home,720p with Privacy Shutter,6999.0,2.03,15.6
hp,0.1985257025502327,Pentium Silver N6000,0.3459948647593787,NVIDIA GeForce RTX 3050Ti,256,4,Windows 10 Home,720p HD f2.0,4985.05,1.35,15.48
hp,0.353830895397641,Core i3-1115G4,0.3341125709433435,NVIDIA GeForce GTX 1650,1024,2,Windows 11 Home,720p with Privacy Shutter,2497.0,1.3,14.0
asus,0.4383371870844507,Core i7-1165G7,0.4179285217380141,NVIDIA GeForce RTX 3050,1024,16,Windows 11 Home,HD,4799.0,2.34,15.6
lenovo,0.6181556114768461,Core i7-12700H,0.3459948647593787,NVIDIA GeForce RTX 3050Ti,512,64,Windows 10 Home Single Language 64,HP Wide Vision 720p HD camera with integrated dual array digital microphones,12835.32,2.26,16.0
microsoft,0.513957951005209,Core i7-11800H,0.189936238154521,Nvidia Geforce MX350,512,16,Windows 10 Home,HD,11761.37,2.04,16.39
hp,0.1242853667715011,Celeron N4500,0.3459948647593787,NVIDIA GeForce RTX 3050Ti,256,8,Windows 10 Pro,HD 720p CMOS module,3246.16,1.44,14.09
acer,0.1985257025502327,Pentium Silver N6000,0.3341125709433435,NVIDIA GeForce GTX 1650,512,2,Windows 10 Home 64,HD,1799.0,1.56,15.6
huawei,0.1985257025502327,Pentium Silver N6000,0.1323715649752131,NVIDIA GeForce MX450,512,16,Windows 10 Home,720p HD f2.0 camera (front-facing),3497.0,1.72,13.53
msi,0.353830895397641,Core i3-1115G4,0.1253689842951036,Intel Iris Plus Graphics G7 (Ice Lake 64 EU),1024,2,Windows 10 Home,IR HD Type (30 fps @ 720p),2720.72,1.66,14.61
asus,0.4326254097181302,Ryzen 5 5600U,0.3341125709433435,NVIDIA GeForce GTX 1650,512,32,Windows 10 Home,HP Wide Vision 720p HD camera with integrated dual array digital microphones,6999.0,1.85,15.6
hp,0.3915181082481062,Ryzen 7 4980U,0.189936238154521,Nvidia Geforce MX350,1024,32,Windows 11 Home,720p HD camera,5469.57,1.23,13.3
asus,0.3238647388453149,Ryzen 3 5300,0.1518889877389806,AMD Radeon RX Vega 7,256,4,Windows 11 Home,1,1699.0,1.3,14.0
hp,0.4383371870844507,Core i7-1165G7,0.2185716480671388,Intel Iris Xe Graphics,128,16,Windows 10 Home Single Language 64,  720p HD camera with microphone; IR camera,6872.39,1.27,13.44
dell,0.3953780592993547,Core i5-1135G7,0.1699954517350782,Intel Iris Xe Graphics G7 80EUs,1024,8,Windows 11 Home,720p HD f2.0,3559.0,1.41,14.25
lenovo,0.513957951005209,Core i7-11800H,0.3459948647593787,NVIDIA GeForce RTX 3050Ti,256,16,Windows 10 Home,1,8820.48,1.66,15.0
lenovo,0.312497344102944,Core i5-10210U,0.1323715649752131,NVIDIA GeForce MX450,512,32,Windows 11 Home,HP Wide Vision 720p HD camera with integrated dual array digital microphones,7399.0,1.59,14.46
hp,0.3953780592993547,Core i5-1135G7,0.4179285217380141,NVIDIA GeForce RTX 3050,1024,2,Windows 10 Home,720P HD,2439.14,1.3,13.91
huawei,0.4577688916709386,Core i7-11370H,0.4179285217380141,NVIDIA GeForce RTX 3050,1024,16,Windows 11 Home,"720p, with privacy shutter, fixed focus",7409.8,2.54,15.6
acer,0.103823607379069, Intel® Celeron® N4100,0.4548020119982481,NVIDIA GeForce GTX 1660 Ti,256,4,Windows 10 Home,HD,2848.28,1.5,13.77
hp,0.3330789613599594,Core i5-1035G1,0.1800600038205396,Nvidia GeForce MX250,128,4,Windows 10 Home Single Language 64,720p,3017.62,1.41,13.89
lenovo,0.1242853667715011,Celeron N4500,0.1699954517350782,Intel Iris Xe Graphics G7 80EUs,512,8,Windows 10 Home,HD,1885.16,1.73,15.23
acer,0.353830895397641,Core i3-1115G4,0.3341125709433435,NVIDIA GeForce GTX 1650,512,8,Windows 10 Home,720p HD,2683.74,1.81,15.07
hp,0.3953780592993547,Core i5-1135G7,0.189936238154521,Nvidia Geforce MX350,256,8,Windows 10 Home Single Language 64,HP Wide Vision 720p HD camera with camera shutter and integrated dual array digital microphones,4297.0,1.54,14.0
asus,0.353830895397641,Core i3-1115G4,0.1323715649752131,NVIDIA GeForce MX450,512,4,Windows 10 Pro 64,HP Wide Vision 720p HD camera with integrated dual array digital microphones,2667.05,1.46,14.62
acer,0.3238647388453149,Ryzen 3 5300U,0.1143322791270667,AMD Radeon RX Vega 2,64,2,Windows 11 Home, 720P HD Recessed camera,2321.69,1.23,11.6
microsoft,0.4383371870844507,Core i7-1165G7,0.1699954517350782,Intel Iris Xe Graphics G7 80EUs,128,32,Windows 10 Home Single Language 64,HD,6620.43,1.32,13.5
lenovo,0.3587753489341095,Ryzen 5 5500U,0.1518889877389806,AMD Radeon RX Vega 7,512,4,Windows 10 Home,HD type (30fps @ 720p),2223.45,1.69,15.6
huawei,0.517973334074048,Ryzen 9 5900HX,0.1204766946766549,AMD Radeon RX Vega 6,256,4,Windows 11 Home,HD,1799.0,1.6,14.0
msi,0.3953780592993547,Core i5-1135G7,0.4179285217380141,NVIDIA GeForce RTX 3050,1024,8,Windows 11 Home,VGA,4252.97,2.13,15.32
asus,0.4414286198575741,Core i7-1185G7,0.4548020119982481,NVIDIA GeForce GTX 1660 Ti,256,16,Windows 10 Home,HD,6202.75,1.86,15.6
hp,0.4414286198575741,i7-1185G7,0.4179285217380141,NVIDIA GeForce RTX 3050,1024,8,Windows 10 Home,HP Wide Vision 720p HD camera with integrated dual array digital microphones,4065.98,1.79,16.03
acer,0.3238647388453149,Ryzen 3 5300U,0.2185716480671388,Intel Iris Xe Graphics,256,8,Windows 10 Home,720P HD,4527.09,1.85,14.25
microsoft,0.353830895397641,Core i3-1115G4,0.1699954517350782,Intel Iris Xe Graphics G7 80EUs,32,8,Windows 11 Home,720p HD,554.42,1.27,11.63
asus,0.3953780592993547,Core i5-1135G7,0.1518889877389806,AMD Radeon RX Vega 7,256,8,Windows 10 Home,HD,5234.81,0.93,12.95
dell,0.3953780592993547,Core i5-1135G7,0.3341125709433435,NVIDIA GeForce GTX 1650,1024,16,Windows 10 Home,HD,6170.65,2.14,15.56
asus,0.3953780592993547,Core i5-1135G7,0.3459948647593787,NVIDIA GeForce RTX 3050 Ti ,128,4,Windows 10 Home,HP True Vision 720p HD camera with integrated dual array digital microphones,3957.25,1.4,14.17
msi,0.4383371870844507,Core i7-1165G7,0.3341125709433435,NVIDIA GeForce GTX 1650,1024,8,Windows 10 Home,HD,4719.48,1.22,14.0
acer,0.517973334074048,Ryzen 9 5900HX,0.1518889877389806,AMD Radeon RX Vega 7,256,8,Windows 10 Home,720p with Privacy Shutter,1799.0,1.69,15.6
huawei,0.312497344102944,Core i5-10210 processor,0.3341125709433435,NVIDIA GeForce GTX1650,512,4,Windows 10 Home 64,1 MP,1389.69,1.47,14.65
huawei,0.3836294823192086,Core i5-11300H,0.1518889877389806,AMD Radeon RX Vega 7,256,4,Windows 10 Home 64,HP Wide Vision 720p HD camera with camera shutter and integrated dual array digital microphones,5287.68,1.59,14.0
asus,0.236661359419249,Ryzen 3 3300U,0.3459948647593787,NVIDIA GeForce RTX 3050Ti,128,4,Windows 11 Home,720P HD Recessed,719.35,1.65,13.68
msi,0.4064103408254623,Core i7-10750H,0.4179285217380141,NVIDIA GeForce RTX 3050,256,32,Windows 10 Home,	 HP True Vision 720p HD IR camera with camera shutter and integrated dual array digital microphones,7393.27,2.19,16.1
microsoft,0.2979853329682239,Core i3-1005G1,0.215742631754249,Intel Iris Xe Graphics G7 96EUs,1024,4,Windows 10 Pro 64,HD,3658.96,1.94,16.03
microsoft,0.3917621113721761,Ryzen 7 5700U,0.3459948647593787,NVIDIA GeForce RTX 3050 Ti ,512,4,Windows 11 Home,HP Wide Vision 720p HD camera with integrated dual array digital microphones,3232.88,2.14,16.07
hp,0.1967089472306549,Athlon Silver 3050U,0.5736915197884364,NVIDIA GeForce RTX 3060,128,4,Chrome OS,,1899.0,1.2,11.6
msi,0.1173655021038944,Celeron N4020,0.4179285217380141,NVIDIA GeForce RTX 3050,256,2,Windows 10 Pro 64,HD,763.55,1.4,14.16
asus,0.4580430557533557,Ryzen 5 5600H,0.1323715649752131,NVIDIA GeForce MX450,512,16,Windows 10 Home 64,720p HD,3299.0,1.63,14.0
lenovo,0.4383371870844507,Core i7-1165G7,0.1323715649752131,NVIDIA GeForce MX450,256,16,Windows 10 Home,IR HD type (30fps@720p),2980.19,1.15,14.21
huawei,0.3953780592993547,Core i5-1135G7,0.1699954517350782,Intel Iris Xe Graphics G7 80EUs,512,8,Windows 10 Home, 720P HD Recessed camera,3487.98,1.46,14.57
msi,0.4064103408254623,Core i7-10750H,0.3341125709433435,NVIDIA GeForce GTX1650,256,4,Windows 10 Home,HP Wide Vision 720p HD camera with integrated dual array digital microphones,2816.02,1.38,14.0
msi,0.1985257025502327,Pentium Silver N6000,0.1699954517350782,Intel Iris Xe Graphics G7 80EUs,256,4,Windows 11 Home,HP Wide Vision 720p HD camera with integrated dual array digital microphones,4033.16,2.17,16.15
lenovo,0.517973334074048,Ryzen 9 5900HX,0.1323715649752131,NVIDIA GeForce MX450,512,8,Windows 11 Home,HD,4799.0,1.29,14.0
hp,0.3836294823192086,Core i5-11300H,0.189936238154521,NVIDIA GeForce MX350,256,16,Windows 10 Home,VGA,6999.0,1.76,15.8
lenovo,0.3953780592993547,Core i5-1135G7,0.2185716480671388,Intel Iris Xe Graphics,256,4,Windows 11 Home,HP TrueVision HD Camera with integrated dual array digital microphone,4523.05,2.29,15.6
acer,0.3330789613599594,Core i5-1035G1,0.3459948647593787,NVIDIA GeForce RTX 3050Ti,1024,16,Windows 11 Home,1 MP,4429.41,2.13,15.04
acer,0.1985257025502327,Pentium Silver N6000,0.1800600038205396,Nvidia GeForce MX250,128,4,Windows 11 Home,HP True Vision 720p HD camera with integrated dual array digital microphones,831.86,1.32,14.46
microsoft,0.3953780592993547,Core i5-1135G7,0.189936238154521,Nvidia Geforce MX350,512,4,Windows 10 Home,HP Wide Vision 720p HD camera with integrated dual array digital microphones,3599.0,1.57,14.0
asus,0.3953780592993547,Core i5-1135G7,0.4179285217380141,NVIDIA GeForce RTX 3050,128,16,Windows 10 Home,"720p, with privacy shutter, fixed focus",2542.05,1.52,14.0
msi,0.4912501631891966,Ryzen 7 5800H,0.1143322791270667,AMD Radeon RX Vega 9,512,16,Windows 11 Home,IR Camera with Microphone & ThinkShutter,4699.0,2.08,15.37
dell,0.1242853667715011,Celeron N4500,0.1800600038205396,NVIDIA GeForce MX250,512,4,Windows 10 Home,,2647.79,1.39,14.44
acer,0.3953780592993547,Core i5-1135G7,0.3341125709433435,NVIDIA GeForce GTX1650,1024,4,Windows 11 Home,HD,2404.63,2.53,15.6
asus,0.353830895397641,Core i3-1115G4,0.1699954517350782,Intel Iris Xe Graphics G7 80EUs,256,8,Windows 11 Home,HP True Vision 720p HD camera with integrated dual array digital microphones,3007.94,1.8,15.6
lenovo,0.513957951005209,Core i7-11800,0.3341125709433435,NVIDIA GeForce GTX 1650,1024,32,Windows 11 Home,HD type (30fps @ 720p),13034.37,1.79,13.82
asus,0.4326254097181302,Ryzen 5 5600U,0.3459948647593787,NVIDIA GeForce RTX 3050Ti,512,2,Windows 11 Home,HP Wide Vision 720p HD camera with integrated dual array digital microphones,1799.0,1.65,15.6
asus,0.353830895397641,Core i3-1125G4,0.1699954517350782,Intel Iris Xe Graphics G7 80EUs,512,2,Windows 10 Home in S mode,720p HD,2199.0,1.6,14.62
huawei,0.1967089472306549,Athlon Silver 3050U,0.3655117414252896,NVIDIA GeForce GTX 1660 Ti with Max-Q design,256,2,Windows 10 Home,HD camera with IR function to support Windows Hello,1965.03,1.6,14.53
huawei,0.4064103408254623,Core i7 10750H,0.3341125709433435,NVIDIA GeForce GTX 1650,256,4,Windows 11 Home,1,1600.84,1.65,15.6
hp,0.3953780592993547,Core i5-1135G7,0.1518889877389806,AMD Radeon RX Vega 7,1024,4,Windows 10 Home,,3999.0,1.09,14.01
acer,0.1985257025502327,Pentium Silver N6000,0.1323715649752131,NVIDIA GeForce MX450,128,16,Windows 11 Home,"720p, with privacy shutter, fixed focus",2075.8,1.25,11.42
microsoft,0.3953780592993547,Core i5-1135G7,0.3453863886068922,AMD Radeon Graphics,512,8,Windows 10 Home 64,,2407.3,1.38,13.52
hp,0.513957951005209,Core i7-11800H,0.1800600038205396,NVIDIA GeForce MX250,1024,8,Windows 10 Home,720p HD,2816.73,1.09,13.3
acer,0.353830895397641,Core i3-1115G4,0.2185716480671388,Intel® Iris® Xe Graphics,256,8,Windows 10 Home,HP Wide Vision 720p HD camera with integrated dual array digital microphones,2599.0,1.8,14.89
dell,0.3953780592993547,Core i5-1135G7,0.189936238154521,NVIDIA GeForce MX350,256,16,Windows 10 Home 64,720p HD f2.0 camera (front-facing),4334.19,2.33,16.1
microsoft,0.1242853667715011,Celeron N4500,0.215742631754249,Intel Iris Xe Graphics G7 96EUs,512,32,Windows 10 Home,HD,7501.26,1.9,15.72
huawei,0.3836294823192086,Core i5-11300H,0.1699954517350782,Intel Iris Xe Graphics G7 80EUs,256,16,Windows 10 Home,720p with Privacy Shutter,4245.0,1.33,13.81
huawei,0.517973334074048,Ryzen 9 5900HX,0.3459948647593787,NVIDIA GeForce RTX 3050 Ti,128,2,Windows 11 Home,280 x 720,1625.0,1.77,16.32
acer,0.353830895397641,Core i3-i3-1115G4,0.1518889877389806,AMD Radeon RX Vega 7,1024,4,Windows 10 Home 64,720p HD f2.0,2814.82,2.1,15.98
msi,0.3330789613599594,Core i5-1035G1,0.5736915197884364,NVIDIA GeForce RTX 3060,1024,16,Windows 11 Home,HP Wide Vision 720p HD camera with integrated dual array digital microphones,4601.32,1.41,13.93
dell,0.3953780592993547,Core i5-1135G7,0.3459948647593787,NVIDIA GeForce RTX 3050 Ti,1024,16,Windows 10 Home,720p HD,4305.3,1.41,12.83
huawei,0.4326254097181302,Ryzen 5 5600U,0.1699954517350782,Intel Iris Xe Graphics G7 80EUs,256,16,Windows 10 Pro,720p,4056.08,2.27,16.1
acer,0.1985257025502327,Pentium Silver N6000,0.4179285217380141,NVIDIA GeForce RTX 3050,128,4,Windows 10 Home,HP Wide Vision 720p HD camera with integrated dual array digital microphones,2151.52,1.48,14.45
dell,0.4383371870844507,Core i7-1165G7,0.1699954517350782,Intel Iris Xe Graphics G7 80EUs,512,16,Windows 10 Home,HP Wide Vision 720p HD camera with integrated dual array digital microphones,7234.47,1.15,13.38
hp,0.353830895397641,Core i3-1115G4,0.1518889877389806,AMD Radeon RX Vega 7,1024,2,Windows 10 Home,HP True Vision 720p HD camera with integrated dual array digital microphones,3264.47,1.7,15.91
lenovo,0.3836294823192086,Core i5-11300H,0.3341125709433435,NVIDIA GeForce GTX1650,512,4,Windows 10 Home 64,HP Wide Vision 720p HD camera with camera shutter and integrated dual array digital microphones,3035.23,1.53,15.49
huawei,0.4383371870844507,Core i7-1165G7,0.1699954517350782,Intel Iris Xe Graphics G7 80EUs,1024,16,Windows 10 Home 64,HP True Vision 720p HD camera with integrated dual array digital microphones,6394.05,1.47,14.17
dell,0.3238647388453149,Ryzen 3 5300,0.3341125709433435,NVIDIA GeForce GTX 1650,128,4,Windows 10 Home,HD,2199.0,1.3,14.08
dell,0.3915181082481062,Ryzen 7 4980U,0.3655117414252896,NVIDIA GeForce GTX 1660 Ti with Max-Q design,1024,4,Windows 10 Home,720p with Privacy Shutter,2706.01,1.89,13.77
microsoft,0.3953780592993547,Core i5-1135G7,0.4179285217380141,NVIDIA GeForce RTX 3050,1024,8,Windows 10 Pro,1 MP,3054.57,1.69,15.62
hp,0.6181556114768461,Core i7-12700H,0.3459948647593787,NVIDIA GeForce RTX 3050Ti,512,8,Windows 10 Home,720p HD f2.0 camera (front-facing),4258.71,1.25,14.05
hp,0.517973334074048,Ryzen 9 5900HX,0.2185716480671388,Intel Iris Xe Graphics,64,4,Windows 10 Home,HP TrueVision HD Camera with integrated dual array digital microphone,2169.27,1.06,11.3
hp,0.1985257025502327,Pentium Silver N6000,0.3655117414252896,NVIDIA GeForce GTX 1660 Ti with Max-Q design,1024,16,Windows 10 Home,IR HD Type (30 fps @ 720p),4503.54,2.3,16.1
asus,0.4394786686468998,Core i7-1195G7,0.189936238154521,Nvidia Geforce MX350,256,4,Windows 10 Home,HD,3099.0,1.73,15.6
hp,0.3953780592993547,Core i5-1135G7,0.4548020119982481,NVIDIA GeForce GTX 1660 Ti,512,4,Windows 10 Pro,HD,5975.53,1.54,14.62
msi,0.4064103408254623,Core i7 10750H,0.4548020119982481,NVIDIA GeForce GTX 1660 Ti,512,16,Windows 10 Home,HD,8080.27,1.28,13.8
msi,0.3953780592993547,Core i5-1135G7,0.189936238154521,Nvidia Geforce MX350,64,8,Windows 10 Home,HP Wide Vision 720p HD camera with integrated dual array digital microphones,2398.34,1.2,12.93
huawei,0.312497344102944,Core i5-10210U,0.5736915197884364,NVIDIA GeForce RTX 3060,512,16,Windows 10 Home,HD type (30fps @ 720p),5098.11,1.23,12.3
huawei,0.353830895397641,Core i3-1115G4,0.3341125709433435,NVIDIA GeForce GTX 1650,1024,8,Windows 10 Home,720p HD,2746.69,1.74,14.31
huawei,0.3953780592993547,Core i5-1135G7,0.3459948647593787,NVIDIA GeForce RTX 3050Ti,1024,16,Windows 10 Home,720P HD,7124.58,1.43,13.65
msi,0.353830895397641,Core i3-1115G4,0.1518889877389806,AMD Radeon RX Vega 7,1024,4,Windows 11 Home,HD,3569.23,1.8,15.16
huawei,0.6181556114768461,Core i7-12700H,0.5736915197884364,NVIDIA GeForce RTX 3060,512,4,Windows 10 Home,"720p HD Camera, excellent for Video Conferencing",1752.26,1.62,14.37
lenovo,0.513957951005209,Core i7-11800H,0.3655117414252896,NVIDIA GeForce GTX 1660 Ti with Max-Q design,512,8,Windows 10 Home,HD type (30fps @ 720p),6697.0,2.26,16.64
hp,0.4326254097181302,Ryzen 5 5600U,0.1699954517350782,Intel Iris Xe Graphics G7 80EUs,128,8,Windows 10 Home,720p HD f2.0,4938.68,1.44,13.4
huawei,0.4383371870844507,Core i7-1165G7,0.1204766946766549,AMD Radeon RX Vega 6,512,16,Windows 10 Home,720p with Privacy Shutter,6559.99,1.82,15.95
asus,0.6181556114768461,Core i7-12700H,0.1323715649752131,NVIDIA GeForce MX450,1024,8,Windows 10 Pro,,6390.63,1.9,15.87
asus,0.4577688916709386,Core i7-11370H,0.1699954517350782,Intel Iris Xe Graphics G7 80EUs,1024,16,Windows 10 Home,HD camera with IR function to support Windows Hello,11107.93,2.09,16.63
lenovo,0.3953780592993547,Core i5-1135G7,0.1699954517350782,Intel Iris Xe Graphics G7 80EUs,256,16,Windows 10 Home,HP True Vision 720p HD camera with integrated dual array digital microphones,2092.27,1.48,14.97
hp,0.2603900264345178,Ryzen 5 3580U,0.1204766946766549,AMD Radeon RX Vega 6,512,4,Windows 10 Home 64,720p HD f2.0 camera (front-facing),4001.55,2.6,16.1
acer,0.4577688916709386,Core i7-11370H,0.3453863886068922,AMD Radeon Graphics,256,8,Windows 10 Home,,5159.0,1.41,12.79
hp,0.3953780592993547,Core i5-1135G7,0.3459948647593787,NVIDIA GeForce RTX 3050 Ti,1024,16,Windows 11 Home,IR Camera with Microphone & ThinkShutter,3719.93,1.03,14.0
hp,0.4577688916709386,Core i7-11370H,0.1800600038205396,Nvidia GeForce MX250,512,8,Windows 11 Home,720p HD f2.0,9399.0,1.74,14.05
dell,0.4912501631891966,Ryzen 7 5800H ,0.1518889877389806,AMD Radeon RX Vega 7,1024,4,Windows 10 Home,HP Wide Vision 720p HD camera with camera shutter and integrated dual array digital microphones,3755.94,2.3,15.78
acer,0.3953780592993547,Core i5-1135G7,0.4179285217380141,NVIDIA GeForce RTX 3050,256,8,Windows 10 Pro,1 MP,5999.0,1.76,14.0
huawei,0.3953780592993547,Core i5-1135G7,0.3341125709433435,NVIDIA GeForce GTX1650,512,4,Windows 10 Home,,2612.32,1.53,15.39
msi,0.3953780592993547,Core i5-1135G7,0.189936238154521,Nvidia Geforce MX350,1024,8,Windows 10 Home,HP True Vision 720p HD camera with integrated dual array digital microphones,3972.09,0.89,13.49
hp,0.3953780592993547,Core i5-1135G7,0.1143322791270667,AMD Radeon RX Vega 9,256,16,Windows 10 Home 64,720p with Privacy Shutter,3997.0,0.82,14.0
acer,0.4577688916709386,Core i7-11370H,0.215742631754249,Intel Iris Xe Graphics G7 96EUs,1024,16,Windows 11 Home,HD,11801.08,1.82,14.98
huawei,0.4064103408254623,Core i7 10750H,0.1800600038205396,NVIDIA GeForce MX250,256,4,Windows 10 Home,720P HD,1936.7,1.47,14.0
lenovo,0.513957951005209,Core i7-11800H,0.1699954517350782,Intel Iris Xe Graphics G7 80EUs,256,4,Windows 10 Home 64,HD,5599.0,2.18,15.21
lenovo,0.353830895397641,Core i3-i3-1115G4,0.5736915197884364,NVIDIA GeForce RTX™ 3060,256,8,Windows 10 Home 64,HD,3221.79,2.47,16.1
acer,0.1967089472306549,Athlon Silver 3050U,0.5736915197884364,NVIDIA GeForce RTX 3060,128,8,Windows 10 Home,HP Wide Vision 720p HD camera with integrated dual array digital microphones,4532.36,1.35,13.5
lenovo,0.4912501631891966,Ryzen 7 5800H,0.1699954517350782,Intel Iris Xe Graphics G7 80EUs,128,16,Windows 11 Home,HD,1263.83,1.3,14.15
acer,0.236661359419249,Ryzen 3 3300U,0.5736915197884364,NVIDIA GeForce RTX 3060,32,2,Chrome OS™,HD,82.5,1.52,11.6
dell,0.353830895397641,Core i3-1115G4,0.3502279909231651,AMD Radeon RX5500M,512,2,Windows 11 Home,HD,2497.0,1.3,14.0
hp,0.3953780592993547,Core i5-1135G7,0.1323715649752131,NVIDIA GeForce MX450,1024,4,Windows 11 Home,,3622.26,1.24,13.3
msi,0.1985257025502327,Pentium Silver N6000,0.1204766946766549,AMD Radeon RX Vega 6,512,16,Windows 10 Home,HD,4099.0,2.15,15.93
dell,0.3953780592993547,Core i5-1135G7,0.1985898010668761,AMD Radeon RX Vega 8,1024,8,Windows 10 Home,720p HD,6899.0,1.49,13.9
hp,0.3917621113721761,Ryzen 7 5700U,0.3655117414252896,NVIDIA GeForce GTX 1660 Ti with Max-Q design,128,4,Windows 11 Home,,2873.12,1.25,11.96
hp,0.3330789613599594,Core i5-1035G1,0.189936238154521,Nvidia Geforce MX350,256,8,Windows 10 Home 64,,3399.0,0.0,14.36
lenovo,0.4577688916709386,Core i7-11370H,0.3341125709433435,NVIDIA GeForce GTX 1650,256,16,Windows 10 Home,IR HD type (30fps@720p),9344.58,1.65,14.68
acer,0.4383371870844507,Core i7-1165G7,0.4179285217380141,NVIDIA GeForce RTX 3050,1024,16,Windows 10 Pro 64,HP True Vision 720p HD camera with integrated dual array digital microphones,6694.62,2.92,17.3
acer,0.3917621113721761,Ryzen 7 5700U,0.1204766946766549,AMD Radeon RX Vega 6,512,16,Windows 11 Home,,4462.45,2.36,16.12
msi,0.3836294823192086,Core i5-11300H,0.3341125709433435,NVIDIA GeForce GTX 1650,256,4,Windows 10 Home,VGA,3529.13,1.33,14.14
asus,0.513957951005209,Core i7-11800H,0.3341125709433435,NVIDIA GeForce GTX1650,256,16,Windows 10 Home 64,"720p HD Camera, excellent for Video Conferencing",4699.0,0.99,14.0
hp,0.3953780592993547,Core i5-1135G7,0.1323715649752131,NVIDIA GeForce MX450,256,16,Windows 10 Home,720p HD f2.0 camera (front-facing),4297.0,1.72,14.0
lenovo,0.4577688916709386,Core i7-11370H,0.1204766946766549,AMD Radeon RX Vega 6,256,4,Windows 10 Home,720p HD,5299.0,1.86,15.6
hp,0.236661359419249,Ryzen 3 3300U,0.189936238154521,Nvidia Geforce MX350,256,2,Windows 10 Home,"720p, with privacy shutter, fixed focus",2499.0,1.5,14.43
asus,0.3915181082481062,Ryzen 7 4980U,0.4836542334932251,NVIDIA GeForce RTX 3070 with Max-Q design,256,32,Windows 11 Home,IR HD type (30fps@720p),4617.71,1.42,13.63
huawei,0.517973334074048,Ryzen 9 5900HX,0.1699954517350782,Intel Iris Xe Graphics G7 80EUs,512,2,Windows 10 Home,HD 720p CMOS module,1799.0,1.6,14.0
hp,0.4580430557533557,Ryzen 5 5600H,0.3341125709433435,NVIDIA GeForce GTX 1650,1024,16,Windows 10 Home,,5137.94,2.54,16.1
acer,0.6181556114768461,Core i7-12700H,0.5736915197884364,NVIDIA GeForce RTX 3060,1024,32,Windows 10 Home,1080p with Windows Hello Authentication,6490.11,1.74,14.0
hp,0.3953780592993547,Core i5-1135G7,0.5736915197884364,NVIDIA GeForce RTX™ 3060,1024,8,Windows 10 Home,,5999.0,1.73,13.59
asus,0.4414286198575741,i7-1185G7,0.189936238154521,Nvidia Geforce MX350,512,16,Windows 10 Home 64,720p HD f2.0,6960.17,1.8,14.14
hp,0.513957951005209,Core i7-11800H,0.1800600038205396,NVIDIA GeForce MX250,1024,8,Chrome OS™,VGA Webcam,4293.88,1.39,14.0
dell,0.3238647388453149,Ryzen 3 5300,0.3459948647593787,NVIDIA GeForce RTX 3050Ti,256,16,Windows 10 Home,720p HD video recording,3297.0,1.2,14.71
asus,0.3953780592993547,Core i5-1135G7,0.3341125709433435,NVIDIA GeForce GTX1650,256,8,Windows 10 Home,VGA Web Camera (Fixed type),4999.0,1.54,14.2
dell,0.3836294823192086,Core i5-11300H,0.1800600038205396,NVIDIA GeForce MX250,128,16,Windows 10 Home,VGA,4268.58,1.66,14.62
asus,0.353830895397641,Core i3-1125G4,0.4548020119982481,NVIDIA GeForce GTX 1660 Ti,512,4,Windows 11 Home,IR & 720p HD Camera with PrivacyShutter,2497.0,1.3,14.0
lenovo,0.1173655021038944,Celeron N4020,0.3655117414252896,NVIDIA GeForce GTX 1660 Ti with Max-Q design,256,16,Windows 10 Home,HP Wide Vision 720p HD camera with integrated dual array digital microphones,4599.0,1.14,14.16
dell,0.3953780592993547,Core i5-1135G7,0.1518889877389806,AMD Radeon RX Vega 7,1024,4,Windows 11 Home,HD,3559.0,1.85,15.6
hp,0.3209211562214624,Core i5-1035G7,0.2185716480671388,Intel Iris Xe Graphics,512,16,Windows 11 Home,HP TrueVision HD Camera with integrated dual array digital microphone,3899.0,1.49,13.86
hp,0.353830895397641,Core i3-1115G4,0.3459948647593787,NVIDIA GeForce RTX 3050Ti,128,4,Windows 10 Pro,HD,1999.0,1.54,16.25
lenovo,0.4394786686468998,Core i7-1195G7,0.3341125709433435,NVIDIA GeForce GTX1650,256,32,Windows 11 Home,,9011.48,1.67,14.47
dell,0.3238647388453149,Ryzen 3 5300,0.4179285217380141,NVIDIA GeForce RTX 3050,512,8,Windows 10,VGA Web Camera (Fixed type),1359.16,1.47,14.0
acer,0.4064103408254623,Core i7 10750H,0.189936238154521,NVIDIA GeForce MX350,512,16,Windows 10 Home 64,VGA,4719.38,1.89,13.68
msi,0.3953780592993547,Core i5-1135G7,0.4179285217380141,NVIDIA GeForce RTX 3050,256,8,Windows 10 Home,HD,5081.27,1.49,13.35
dell,0.4912501631891966,Ryzen 7 5800H ,0.4179285217380141,NVIDIA GeForce RTX 3050,1024,16,Windows 10 Home,HP Wide Vision 720p HD camera with integrated dual array digital microphones,4119.37,2.47,15.73
huawei,0.1985257025502327,Pentium Silver N6000,0.3341125709433435,NVIDIA GeForce GTX1650,256,8,Windows 10 Home,HP Wide Vision 720p HD camera with integrated dual array digital microphones,1899.0,1.63,14.22
lenovo,0.4575299773281172,Core i5-11400H,0.1699954517350782,Intel Iris Xe Graphics G7 80EUs,1024,4,Windows 10 Home 64,,7180.23,0.87,13.28
dell,0.517973334074048,Ryzen 9 5900HX,0.1204766946766549,AMD Radeon RX Vega 6,256,2,Windows 10 Home,HP Wide Vision 720p HD camera with integrated dual array digital microphones,1737.88,1.83,16.29
microsoft,0.1985257025502327,Pentium Silver N6000,0.4179285217380141,NVIDIA GeForce RTX 3050,1024,16,Windows 10 Home,1,3997.81,0.91,13.11
huawei,0.312497344102944,Core i5-10210U,0.1800600038205396,NVIDIA GeForce MX250,1024,16,Windows 10 Home,720P HD,5002.06,2.09,15.37
lenovo,0.312497344102944,Core i5-10210U,0.189936238154521,NVIDIA GeForce MX350,512,8,Windows 11 Home,1,6530.27,1.75,13.81
asus,0.513957951005209,Core i7-11800,0.1800600038205396,NVIDIA GeForce MX250,1024,4,Windows 10 Home Single Language 64,,3899.0,1.85,13.81
dell,0.353830895397641,i3-1115G4,0.1699954517350782,Intel Iris Xe Graphics G7 80EUs,512,4,Windows 10 Home,HD,1497.0,1.41,13.35
msi,0.4414286198575741,Core i7-1185G7,0.1204766946766549,AMD Radeon RX Vega 6,2048,8,Windows 10 Home 64,HD type (30fps @ 720p),6363.68,1.99,15.6
asus,0.4272699098780733,Core i5-1155G7,0.1699954517350782,Intel Iris Xe Graphics G7 80EUs,256,4,Windows 10 Home,HD,4467.55,1.85,13.79
acer,0.3330789613599594,Core i5-1035G1,0.1699954517350782,Intel Iris Xe Graphics G7 80EUs,1024,16,Windows 11 Home,720p HD,5111.25,2.18,15.6
dell,0.4577688916709386,Core i7-11370H,0.3453863886068922,AMD Radeon Graphics,1024,8,Windows 10 Home,	 HP True Vision 720p HD IR camera with camera shutter and integrated dual array digital microphones,3947.44,2.14,15.6
msi,0.4272699098780733,Core i5-1155G7,0.4548020119982481,NVIDIA GeForce GTX 1660 Ti,256,16,Windows 10 Home,HP Wide Vision 720p HD camera with integrated dual array digital microphones,4224.98,1.65,15.18
hp,0.3953780592993547,Core i5-1135G7,0.1800600038205396,NVIDIA GeForce MX250,256,8,Windows 10 Home,HD,3997.0,1.03,14.0
huawei,0.1967089472306549,Athlon Silver 3050U,0.5736915197884364,NVIDIA GeForce RTX 3060,256,4,Windows 10 Home,,2187.58,1.38,14.0
lenovo,0.353830895397641,Core i3-1115G4,0.3341125709433435,NVIDIA GeForce GTX 1650,128,4,Windows 10 Home 64,,2199.0,1.6,14.03
huawei,0.513957951005209,Core i7-11800,0.4548020119982481,NVIDIA GeForce GTX 1660 Ti,1024,8,Windows 10 Home 64,HD,6794.73,1.43,13.29
acer,0.4383371870844507,Core i7-1165G7,0.3341125709433435,NVIDIA GeForce GTX1650,512,8,Windows 11 Home, 30fps@720p,4599.0,2.04,15.42
hp,0.1967089472306549,Athlon Silver 3050U,0.1699954517350782,Intel Iris Xe Graphics G7 80EUs,1024,8,Windows 10 Home,HD,3299.0,1.6,14.0
msi,0.4272699098780733,Core i5-1155G7,0.1204766946766549,AMD Radeon RX Vega 6,256,8,Windows 11 Home,720p HD Camera,3337.0,1.65,15.05
msi,0.4064103408254623,Core i7-10750H,0.1143322791270667,AMD Radeon RX Vega 2,1024,32,Chrome OS™,HP Wide Vision 720p HD camera with integrated dual array digital microphones,5009.36,1.24,13.44
huawei,0.3836294823192086,Core i5-11300H,0.1699954517350782,Intel Iris Xe Graphics G7 80EUs,256,8,Windows 10 Home in S mode,HD,5999.0,1.74,14.0
microsoft,0.3623303050305978,Core i7-1065G7,0.3459948647593787,NVIDIA GeForce RTX 3050 Ti ,512,16,Windows 10 Home Single Language 64,1080p with Windows Hello Authentication,12344.77,2.38,16.7
dell,0.236661359419249,Ryzen 3 3300U,0.1699954517350782,Intel Iris Xe Graphics G7 80EUs,256,16,Windows 11 Home,1,3989.06,2.2,16.13
dell,0.3587753489341095,Ryzen 5 5500U,0.1699954517350782,Intel Iris Xe Graphics G7 80EUs,256,8,Windows 10 Home,HP True Vision 720p HD camera with integrated dual array digital microphones,3511.72,2.37,16.25
acer,0.1967089472306549,Athlon Silver 3050U,0.3341125709433435,NVIDIA GeForce GTX1650,512,16,Windows 10 Home,HD,4097.0,1.65,15.6
hp,0.353830895397641,Core i3-i3-1115G4,0.3341125709433435,NVIDIA GeForce GTX 1650,1024,2,Windows 10 Home 64,HP Wide Vision 720p HD camera with integrated dual array digital microphones,1365.23,1.28,14.68
lenovo,0.3238647388453149,Ryzen 3 5300,0.4179285217380141,NVIDIA GeForce RTX 3050,512,8,Windows 10 Pro,1,4099.0,2.4,15.08
microsoft,0.2979853329682239,Core i3-1005G1,0.1204766946766549,AMD Radeon RX Vega 6,512,16,Windows 10 Pro,IR HD type (30fps@720p),2049.22,1.87,15.6
hp,0.353830895397641,Core i3-i3-1115G4,0.1204766946766549,AMD Radeon RX Vega 6,256,8,Windows 11 Home,HD,2497.0,1.31,13.71
huawei,0.4064103408254623,Core i7-10750H,0.1699954517350782,Intel Iris Xe Graphics G7 80EUs,1024,8,Windows 10 Home,HD,3705.74,1.07,14.45
hp,0.4575299773281172,Core i5-11400H,0.4505974360034263,NVIDIA GeForce RTX 3060 Max-Q,512,16,Windows 10 Home 64,,3397.0,1.22,14.24
msi,0.3953780592993547,Core i5-1135G7,0.3341125709433435,NVIDIA GeForce GTX1650,1024,16,Windows 11 Home,1,2633.28,2.34,15.6
dell,0.6181556114768461,Core i7-12700H,0.3341125709433435,NVIDIA GeForce GTX1650,512,16,Windows 10 Home,VGA,3497.0,1.37,14.0
lenovo,0.3953780592993547,Core i5-1135G7,0.3655117414252896,NVIDIA GeForce GTX 1660 Ti with Max-Q design,512,4,Windows 10 Pro 64,HD,3397.0,1.61,15.6
huawei,0.353830895397641,Core i3-1115G4,0.1699954517350782,Intel Iris Xe Graphics G7 80EUs,1024,16,Windows 10 Home 64,720P HD Recessed,1896.93,1.73,15.6
hp,0.312497344102944,Core i5-10210U,0.3453863886068922,AMD Radeon Graphics,512,8,Windows 10 Home 64,720p,3644.53,1.47,14.0
hp,0.1967089472306549,Athlon Silver 3050U,0.5736915197884364,NVIDIA GeForce RTX 3060,1024,16,Windows 10 Home,HP Wide Vision 720p HD camera with integrated dual array digital microphones,3226.55,1.73,13.32
dell,0.513957951005209,Core i7-11800,0.3341125709433435,NVIDIA GeForce GTX 1650,1024,32,Windows 11 Home,720p HD camera,12683.8,2.0,14.4
huawei,0.312497344102944,Core i5-10210U,0.1323715649752131,NVIDIA GeForce MX450,256,8,Windows 10 Home,1,4828.0,1.13,13.5
dell,0.3209211562214624,Core i5-1035G7,0.3341125709433435,NVIDIA GeForce GTX 1650,1024,4,Windows 10 Home,,4559.21,1.43,14.42
dell,0.4414286198575741,i7-1185G7,0.215742631754249,Intel Iris Xe Graphics G7 96EUs,256,16,Windows 11 Home,720p HD f2.0 camera (front-facing),4540.64,2.2,15.59
lenovo,0.4575299773281172,Core i5-11400H,0.1253689842951036,Intel Iris Plus Graphics G7 (Ice Lake 64 EU),512,16,Windows 11 Home,HD,4861.25,2.02,14.98
hp,0.513957951005209,Core i7-11800H,0.1699954517350782,Intel Iris Xe Graphics G7 80EUs,64,2,Chrome OS™,,971.67,1.32,11.6
dell,0.1242853667715011,Celeron N4500,0.189936238154521,NVIDIA GeForce MX350,512,4,Windows 11 Home,HD,1799.0,1.6,14.18
msi,0.1173655021038944,Celeron N4020,0.1699954517350782,Intel Iris Xe Graphics G7 80EUs,1024,4,Windows 10 Pro,HD,2228.53,1.49,13.93
hp,0.3953780592993547,Core i5-1135G7,0.1699954517350782,Intel Iris Xe Graphics G7 80EUs,512,8,Windows 10 Home 64, 30fps@720p,6599.0,0.74,14.0
huawei,0.517973334074048,Ryzen 9 5900HX,0.1699954517350782,Intel Iris Xe Graphics G7 80EUs,1024,8,Windows 10 Home,HP Wide Vision 720p HD camera with integrated dual array digital microphones,3417.36,1.0,13.66
microsoft,0.353830895397641,Core i3-1115G4,0.4179285217380141,NVIDIA GeForce RTX 3050,256,2,Windows 11 Home,HP Wide Vision 720p HD camera with integrated dual array digital microphones,2816.07,1.36,14.0
asus,0.4383371870844507,Core i7-1165G7,0.4548020119982481,NVIDIA GeForce GTX 1660 Ti,2048,32,Windows 10 Pro 64,HD,12159.73,2.27,15.83
asus,0.353830895397641,Core i3-1115G4,0.1518889877389806,AMD Radeon RX Vega 7,512,2,Windows 10 Home,"720p, with privacy shutter, fixed focus",2791.81,1.47,14.05
hp,0.4580430557533557,Ryzen 5 5600H,0.1699954517350782,Intel Iris Xe Graphics G7 80EUs,1024,8,Windows 10 Home,HD,2283.84,1.47,14.41
lenovo,0.2747991840325483,Core i3-10110U,0.1253689842951036,Intel Iris Plus Graphics G7 (Ice Lake 64 EU),512,16,Windows 10 Pro 64, 30fps@720p,3030.07,2.48,15.6
lenovo,0.353830895397641,Core i3-1115G4,0.2185716480671388,Intel Iris Xe Graphics,512,2,Windows 10 Home,720p HD f2.0,2339.59,1.41,14.11
acer,0.346091177176726,Core i7-10510U,0.1699954517350782,Intel Iris Xe Graphics G7 80EUs,256,8,Windows 10 Home,VGA,2894.32,1.69,13.71
dell,0.513957951005209,Core i7-11800H,0.1699954517350782,Intel Iris Xe Graphics G7 80EUs,256,16,Windows 11 Home,VGA Web Camera (Fixed type),4906.22,2.2,15.6
dell,0.353830895397641,Core i3-1115G4,0.4548020119982481,NVIDIA GeForce GTX 1660 Ti,512,2,Windows 10 Home,720p with Privacy Shutter,1899.0,1.47,14.27
acer,0.3836294823192086,Core i5-11300H,0.1699954517350782,Intel Iris Xe Graphics G7 80EUs,128,8,Windows 10 Home,HP TrueVision HD Camera with integrated dual array digital microphone,3388.0,0.97,12.4
msi,0.513957951005209,Core i7-11800H,0.189936238154521,Nvidia Geforce MX350,1024,8,Windows 10 Home Single Language 64,VGA Web Camera (Fixed type),8330.84,2.9,17.3
lenovo,0.517973334074048,Ryzen 9 5900HX,0.1699954517350782,Intel Iris Xe Graphics G7 80EUs,1024,8,Windows 11 Home,720P HD,3699.63,2.25,15.6
dell,0.4383371870844507,Core i7-1165G7,0.1699954517350782,Intel Iris Xe Graphics G7 80EUs,2048,32,Windows 11 Home,IR HD type (30fps@720p),7999.0,2.54,16.14
microsoft,0.3953780592993547,Core i5-1135G7,0.3459948647593787,NVIDIA GeForce RTX 3050Ti,256,8,Windows 10 Home,HP TrueVision HD Camera with integrated dual array digital microphone,3572.94,1.56,14.08
lenovo,0.3238647388453149,Ryzen 3 5300U,0.1323715649752131,NVIDIA GeForce MX450,512,8,Windows 10 Home 64,720p with Privacy Shutter,1492.39,1.44,14.0
acer,0.4912501631891966,Ryzen 7 5800H,0.3341125709433435,NVIDIA GeForce GTX 1650,512,8,Windows 10 Home,  720p HD camera with microphone; IR camera,2718.92,1.83,16.3
lenovo,0.3953780592993547,Core i5-1135G7,0.4179285217380141,NVIDIA GeForce RTX 3050,512,16,Windows 11 Home,HD,4099.0,2.07,15.6
acer,0.1173655021038944,Celeron N4020,0.3341125709433435,NVIDIA GeForce GTX 1650,256,8,Windows 11 Home,720p with Privacy Shutter,1937.77,1.3,13.98
msi,0.4577688916709386,Core i7-11370H,0.4548020119982481,NVIDIA GeForce GTX 1660 Ti,256,32,Windows 10 Home,HD,7999.0,1.25,13.04
dell,0.1985257025502327,Pentium Silver N6000,0.1143322791270667,AMD Radeon RX Vega 2,1024,8,Windows 10 Home,HD,1471.62,1.27,13.32
acer,0.4383371870844507,Core i7-1165G7,0.3341125709433435,NVIDIA GeForce GTX1650,512,8,Windows 11 Home,1,4537.05,1.0,13.6
acer,0.3953780592993547,Core i5-1135G7,0.1699954517350782,Intel Iris Xe Graphics G7 80EUs,128,16,Windows 10 Home,720P HD Recessed camera,4534.58,1.61,14.49
acer,0.312497344102944,Core i5-10210 processor,0.1518889877389806,AMD Radeon RX Vega 7,256,16,Windows 10 Home,720p,6773.32,2.1,14.96
lenovo,0.1967089472306549,Athlon Silver 3050U,0.1518889877389806,AMD Radeon RX Vega 7,256,8,Windows 10 Pro 64,HP Wide Vision HD camera with camera shutter and integrated dual array digital microphone,3497.0,1.85,14.0
huawei,0.236661359419249,Ryzen 3 3300U,0.2185716480671388,Intel Iris Xe Graphics,32,2,Chrome OS,HD,1349.0,1.25,11.6
huawei,0.312497344102944,Core i5-10210U,0.3341125709433435,NVIDIA GeForce GTX 1650,256,4,Windows 10 Home,720p HD Camera,3987.75,1.65,14.0
dell,0.4272699098780733,Core i5-1155G7,0.4505974360034263,NVIDIA GeForce RTX 3060 Max-Q,1024,8,Windows 11 Home,1080p with Windows Hello Authentication,4309.83,1.36,14.0
acer,0.4580430557533557,Ryzen 5 5600H,0.1323715649752131,NVIDIA GeForce MX450,512,16,Windows 10 Home 64,HP Wide Vision 720p HD camera with integrated dual array digital microphones,4027.37,1.0,13.3
dell,0.513957951005209,Core i7-11800H,0.3341125709433435,NVIDIA GeForce GTX 1650,1024,4,Windows 10 Home 64,HD,5156.01,2.28,15.97
asus,0.3953780592993547,Core i5-1135G7,0.4179285217380141,NVIDIA GeForce RTX 3050,1024,4,Windows 11 Home,VGA,4299.0,2.05,15.32
huawei,0.3238647388453149,Ryzen 3 5300U,0.215742631754249,Intel Iris Xe Graphics G7 96EUs,128,4,Windows 11 Home,HD,1999.0,1.15,14.23
huawei,0.4575299773281172,Core i5-11400H,0.0704614297086188,AMD Radeon RX Vega 3,1024,4,Windows 11 Home, 720P HD Recessed camera,2681.1,1.41,13.56
asus,0.353830895397641,Core i3-1115G4,0.1699954517350782,Intel Iris Xe Graphics G7 80EUs,256,2,Windows 10 Home,HD,1989.71,1.33,13.44
hp,0.312497344102944,Core i5-10210U,0.3655117414252896,NVIDIA GeForce GTX 1660 Ti with Max-Q design,1024,16,Windows 11 Home,VGA,4912.71,1.27,14.51
msi,0.1152026410320347,Intel® Celeron® N4120,0.1323715649752131,NVIDIA GeForce MX450,256,8,Windows 10 Pro,HP Wide Vision 720p HD camera with integrated dual array digital microphones,2152.51,1.47,14.0
dell,0.353830895397641,Core i3-i3-1115G4,0.215742631754249,Intel Iris Xe Graphics G7 96EUs,256,8,Windows 10 Home,IR HD Type (30 fps @ 720p),2872.04,1.84,15.6
msi,0.4577688916709386,Core i7-11370H,0.1800600038205396,NVIDIA GeForce MX250,2048,8,Windows 10 Home,VGA Webcam,7777.95,1.34,14.09
msi,0.353830895397641,Core i3-i3-1115G4,0.3453863886068922,AMD Radeon Graphics,1024,2,Windows 11 Home,HD,2589.91,1.96,15.58
hp,0.4680123745313514,Ryzen 7 5800U,0.3341125709433435,NVIDIA GeForce GTX1650,128,4,Windows 10 Pro 64,VGA Web Camera (Fixed type),5405.31,1.37,13.5
lenovo,0.3836294823192086,Core i5-11300H,0.3502279909231651,AMD Radeon RX5500M,512,8,Windows 10 Home,"720p, with privacy shutter, fixed focus",4332.98,1.21,13.05
hp,0.312497344102944,Core i5-10210U,0.4548020119982481,NVIDIA GeForce GTX 1660 Ti,1024,8,Windows 10 Home,HD,3553.11,1.14,13.63
microsoft,0.517973334074048,Ryzen 9 5900HX,0.1323715649752131,NVIDIA GeForce MX450,256,16,Windows 10 Home,HD,3293.62,1.47,14.0
hp,0.513957951005209,Core i7-11800,0.1699954517350782,Intel Iris Xe Graphics G7 80EUs,1024,16,Windows 10 Home,720p HD f2.0 camera (front-facing),7019.27,1.26,13.5
lenovo,0.4383371870844507,Core i7-1165G7,0.1323715649752131,NVIDIA GeForce MX450,512,4,Windows 11 Home,HP Wide Vision 720p HD camera with camera shutter and integrated dual array digital microphones,1999.0,1.14,13.45
msi,0.513957951005209,Core i7-11800H,0.1518889877389806,AMD Radeon RX Vega 7,256,4,Windows 10 Home,HD,3921.93,1.6,15.17
asus,0.353830895397641,Core i3-1115G4,0.1143322791270667,AMD Radeon RX Vega 2,128,16,Windows 10 Pro 64,HP True Vision 720p HD camera with integrated dual array digital microphones,2413.27,1.89,15.6
dell,0.1985257025502327,Pentium Silver N6000,0.1699954517350782,Intel Iris Xe Graphics G7 80EUs,512,16,Windows 10 Home,720p HD f2.0,6999.0,2.05,15.41
msi,0.4383371870844507,Core i7-1165G7,0.189936238154521,Nvidia Geforce MX350,1024,8,Windows 11 Home,HP Wide Vision 720p HD camera with integrated dual array digital microphones,9088.77,1.91,14.47
acer,0.1985257025502327,Pentium Silver N6000,0.3341125709433435,NVIDIA GeForce GTX1650,512,8,Windows 11 Home,HD,4799.0,1.11,13.88
huawei,0.4326254097181302,Ryzen 5 5600U,0.2185716480671388,Intel Iris Xe Graphics,512,4,Windows 11 Home,720p HD camera,5645.56,2.08,15.6
lenovo,0.3330789613599594,Core i5-1035G1,0.2185716480671388,Intel Iris Xe Graphics,256,16,Windows 11 Home,720p HD camera,4299.0,1.92,15.95
lenovo,0.3238647388453149,Ryzen 3 5300U,0.1204766946766549,AMD Radeon RX Vega 6,256,8,Windows 10 Home,HP Wide Vision 720p HD camera with integrated dual array digital microphones,4550.02,2.26,15.6
microsoft,0.3953780592993547,Core i5-1135G7,0.1204766946766549,AMD Radeon RX Vega 6,512,32,Windows 11 Home,720p with Privacy Shutter,4799.0,1.33,13.41
dell,0.1985257025502327,Pentium Silver N6000,0.1323715649752131,NVIDIA GeForce MX450,512,4,Windows 10 Home,720p with Privacy Shutter,2176.13,1.47,13.32
asus,0.4383371870844507,Core i7-1165G7,0.189936238154521,Nvidia Geforce MX350,512,4,Windows 11 Home,1080p with Windows Hello Authentication,5727.24,2.32,16.01
huawei,0.353830895397641,Core i3-1115G4,0.1800600038205396,Nvidia GeForce MX250,512,8,Windows 10 Home,HP True Vision 720p HD camera with integrated dual array digital microphones,2769.11,1.42,14.4
microsoft,0.1242853667715011,Celeron N4500,0.1323715649752131,NVIDIA GeForce MX450,1024,4,Windows 11 Home,HP TrueVision HD Camera with integrated dual array digital microphone,3768.42,2.2,15.36
dell,0.1967089472306549,Athlon Silver 3050U,0.3341125709433435,NVIDIA GeForce GTX 1650,1024,16,Windows 10 Home,720p with Privacy Shutter,4014.18,1.68,14.0
huawei,0.3330789613599594,Core i5-1035G1,0.4548020119982481,NVIDIA GeForce GTX 1660 Ti,512,16,Windows 10 Home,VGA Web Camera (Fixed type),2546.73,0.0,13.84
huawei,0.312497344102944,Core i5-10210 processor,0.3341125709433435,NVIDIA GeForce GTX1650,256,4,Windows 11 Home,HP True Vision 720p HD camera with integrated dual array digital microphones,3040.14,1.51,15.6
dell,0.1967089472306549,Athlon Silver 3050U,0.1699954517350782,Intel Iris Xe Graphics G7 80EUs,256,16,Windows 10 Pro,  720p HD camera with microphone; IR camera,4599.0,1.16,13.5
msi,0.1967089472306549,Athlon Silver 3050U,0.1800600038205396,NVIDIA GeForce MX250,512,4,Windows 10 Home,HP Wide Vision 720p HD camera with integrated dual array digital microphones,7046.3,1.54,15.0
dell,0.1967089472306549,Athlon Silver 3050U,0.1323715649752131,NVIDIA GeForce MX450,256,8,Windows 10 Home,VGA Webcam,5046.47,2.41,16.3
hp,0.2747991840325483,Core i3-10110U,0.2185716480671388,Intel® Iris® Xe Graphics,256,16,Windows 10 Home,HP Wide Vision 720p HD camera with integrated dual array digital microphones,3532.32,1.8,15.11
microsoft,0.1967089472306549,Athlon Silver 3050U,0.3341125709433435,NVIDIA GeForce GTX 1650,512,4,Windows 10 Home,HP True Vision 720p HD camera with integrated dual array digital microphones,4120.81,2.26,15.6
huawei,0.4414286198575741,i7-1185G7,0.1699954517350782,Intel Iris Xe Graphics G7 80EUs,1024,16,Windows 10 Home,,7397.0,2.9,17.3
dell,0.517973334074048,Ryzen 9 5900HX,0.4179285217380141,NVIDIA GeForce RTX 3050,256,2,Windows 10 Pro 64,HP True Vision 720p HD camera with integrated dual array digital microphones,2199.0,1.52,14.07
msi,0.4577688916709386,Core i7-11370H,0.1204766946766549,AMD Radeon RX Vega 6,256,16,Windows 10 Home,HD,6386.0,1.18,13.24
asus,0.3953780592993547,Core i5-1135G7,0.3341125709433435,NVIDIA GeForce GTX1650,1024,4,Windows 10 Home,VGA,4711.15,1.33,13.93
huawei,0.3953780592993547,Core i5-1135G7,0.2185716480671388,Intel Iris Xe Graphics,256,16,Windows 10 Home 64,HP Wide Vision 720p HD camera with integrated dual array digital microphones,3596.77,1.4,14.0
microsoft,0.2747991840325483,i3-10110U,0.189936238154521,Nvidia Geforce MX350,512,4,Windows 10 Home,HD,2699.0,2.09,15.46
msi,0.4912501631891966,Ryzen 7 5800H ,0.3459948647593787,NVIDIA GeForce RTX 3050Ti,256,4,Windows 10 Home,1080p with Windows Hello Authentication,2586.26,1.19,13.44
dell,0.3953780592993547,Core i5-1135G7,0.3341125709433435,NVIDIA GeForce GTX1650,256,32,Windows 10 Home,720P HD Recessed,4499.0,1.37,12.63
msi,0.4064103408254623,Core i7 10750H,0.4179285217380141,NVIDIA GeForce RTX 3050,256,8,Windows 10 Home 64,HP Wide Vision 720p HD camera with camera shutter and integrated dual array digital microphones,9078.34,1.21,13.33
msi,0.3238647388453149,Ryzen 3 5300,0.3341125709433435,NVIDIA GeForce GTX1650,256,2,Windows 10 Home 64,720p HD camera,1899.0,1.67,13.55
microsoft,0.3953780592993547,Core i5-1135G7,0.4505974360034263,NVIDIA GeForce RTX 3060 Max-Q,256,4,Windows 10 Home 64,,2699.87,1.6,13.98
huawei,0.3238647388453149,Ryzen 3 5300U,0.1518889877389806,AMD Radeon RX Vega 7,256,16,Windows 10 Home Single Language 64,VGA Web Camera (Fixed type),4097.0,1.5,15.37
dell,0.6181556114768461,Core i7-12700H,0.3341125709433435,NVIDIA GeForce GTX 1650,1024,32,Windows 10 Home,HD,6253.4,2.3,15.51
dell,0.513957951005209,Core i7-11800,0.1699954517350782,Intel Iris Xe Graphics G7 80EUs,2048,16,Windows 11 Home,HD,8368.39,2.25,15.6
acer,0.4912501631891966,Ryzen 7 5800H,0.1699954517350782,Intel Iris Xe Graphics G7 80EUs,512,4,Chrome OS,,3626.41,1.1,12.82
huawei,0.513957951005209,Core i7-11800H,0.1699954517350782,Intel Iris Xe Graphics G7 80EUs,256,4,Windows 11 Home,HD 720p CMOS module,5215.01,2.13,15.05
huawei,0.513957951005209,Core i7-11800H,0.1800600038205396,NVIDIA GeForce MX250,1024,16,Windows 11 Home,HD,5011.0,2.03,15.63
msi,0.3953780592993547,Core i5-1135G7,0.1253689842951036,Intel Iris Plus Graphics G7 (Ice Lake 64 EU),512,4,Windows 10 Home,VGA,2989.03,1.0,13.85
huawei,0.4575299773281172,Core i5-11400H,0.1204766946766549,AMD Radeon RX Vega 6,1024,4,Windows 10 Home,720P HD,2429.07,1.6,15.2
asus,0.3953780592993547,Core i5-1135G7,0.4179285217380141,NVIDIA GeForce RTX 3050,1024,16,Windows 11 Home,720P HD,2508.02,1.41,14.0
acer,0.1173655021038944,Celeron N4020,0.1143322791270667,AMD Radeon RX Vega 2,256,8,Windows 10 Pro,HP Wide Vision 720p HD camera with integrated dual array digital microphones,2443.21,1.47,13.98
huawei,0.4912501631891966,Ryzen 7 5800H,0.1518889877389806,AMD Radeon RX Vega 7,512,8,Windows 10 Home,1080p with Windows Hello Authentication,4299.0,1.62,13.29
hp,0.1967089472306549,Athlon Silver 3050U,0.1323715649752131,NVIDIA GeForce MX450,512,4,Windows 10 Home Single Language 64,  720p HD camera with microphone; IR camera,3123.38,1.3,14.52
lenovo,0.3953780592993547,Core i5-1135G7,0.1143322791270667,AMD Radeon RX Vega 2,128,16,Windows 10 Home 64,HD,3599.0,1.52,14.5
huawei,0.353830895397641,Core i3-1125G4,0.4548020119982481,NVIDIA GeForce GTX 1660 Ti,1024,8,Windows 10 Home 64,HD,3131.44,1.02,12.69
huawei,0.513957951005209,Core i7-11800H,0.3341125709433435,NVIDIA GeForce GTX1650,256,16,Windows 10 Pro,"720p HD Camera, excellent for Video Conferencing",4643.17,1.21,13.63
microsoft,0.6181556114768461,Core i7-12700H,0.1699954517350782,Intel Iris Xe Graphics G7 80EUs,1024,16,Windows 10 Home,VGA,4699.0,1.17,14.0
hp,0.3953780592993547,Core i5-1135G7,0.189936238154521,NVIDIA GeForce MX350,1024,4,Windows 10 Home,,3734.31,1.24,14.59
dell,0.3953780592993547,Core i5-1135G7,0.4179285217380141,NVIDIA GeForce RTX 3050,512,32,Windows 10 Home,720P HD Recessed,5096.45,1.5,13.45
microsoft,0.4383371870844507,Core i7-1165G7,0.1699954517350782,Intel Iris Xe Graphics G7 80EUs,1024,16,Windows 10 Home,HD,6697.0,2.3,15.72
msi,0.4414286198575741,Core i7-1185G7,0.1518889877389806,AMD Radeon RX Vega 7,512,4,Windows 11 Home,HP True Vision 720p HD camera with integrated dual array digital microphones,4296.19,2.28,15.2
lenovo,0.4272699098780733,Core i5-1155G7,0.1800600038205396,Nvidia GeForce MX250,256,16,Windows 10 Home,,2439.29,1.11,11.81
huawei,0.4326254097181302,Ryzen 5 5600U,0.3341125709433435,NVIDIA GeForce GTX1650,256,8,Windows 10 Home,720p HD f2.0 camera (front-facing),3201.38,1.0,12.6
huawei,0.3836294823192086,Core i5-11300H,0.1323715649752131,NVIDIA GeForce MX450,256,8,Windows 10 Home 64,720p HD f2.0 camera (front-facing),3796.26,1.37,13.16
dell,0.4272699098780733,Core i5-1155G7,0.4548020119982481,NVIDIA GeForce GTX 1660 Ti,128,16,Windows 10 Pro 64,HP TrueVision HD Camera with integrated dual array digital microphone,3297.0,1.55,13.7
msi,0.3209211562214624,Core i5-1035G7,0.3459948647593787,NVIDIA GeForce RTX 3050 Ti,1024,4,Windows 10 Home,"720p, with privacy shutter, fixed focus",4199.0,1.91,15.77
huawei,0.2747991840325483,Core i3-10110U,0.1800600038205396,Nvidia GeForce MX250,1024,4,Windows 11 Home,HD 720p CMOS module,3393.49,1.97,15.6
microsoft,0.3836294823192086,Core i5-11300H,0.5736915197884364,NVIDIA GeForce RTX 3060,1024,8,Windows 10 Home,HD 720p CMOS module,3029.0,1.7,16.24
lenovo,0.4064103408254623,Core i7-10750H,0.1699954517350782,Intel Iris Xe Graphics G7 80EUs,256,8,Windows 10 Home 64,HD,2959.12,1.59,14.4
dell,0.4414286198575741,Core i7-1185G7,0.1253689842951036,Intel Iris Plus Graphics G7 (Ice Lake 64 EU),256,8,Windows 10 Home 64,720p with Privacy Shutter,6264.09,1.47,14.9
lenovo,0.312497344102944,Intel Core i5-10210U,0.3459948647593787,NVIDIA GeForce RTX 3050Ti,512,8,Windows 10 Home,HD camera with IR function to support Windows Hello,3029.0,1.83,15.72
dell,0.3953780592993547,Core i5-1135G7,0.215742631754249,Intel Iris Xe Graphics G7 96EUs,1024,8,Windows 10 Home,720p HD,3029.0,1.63,15.45
hp,0.4577688916709386,Core i7-11370H,0.1699954517350782,Intel Iris Xe Graphics G7 80EUs,1024,8,Windows 10 Home,VGA Web Camera (Fixed type),6581.29,2.13,15.6
hp,0.513957951005209,Core i7-11800H,0.1699954517350782,Intel Iris Xe Graphics G7 80EUs,1024,32,Windows 10 Home,HP True Vision 720p HD camera with integrated dual array digital microphones,7880.05,1.62,13.82
dell,0.4383371870844507,Core i7-1165G7,0.3459948647593787,NVIDIA GeForce RTX 3050Ti,1024,4,Windows 10 Home in S mode,"720p, with privacy shutter, fixed focus",5175.11,1.17,14.12
msi,0.4414286198575741,i7-1185G7,0.3341125709433435,NVIDIA GeForce GTX1650,1024,16,Windows 10 Home,,8068.96,1.48,13.57
acer,0.4272699098780733,Core i5-1155G7,0.1204766946766549,AMD Radeon RX Vega 6,128,4,Windows 10 Home,720p HD,2656.95,1.38,14.22
lenovo,0.3330789613599594,Core i5-1035G1,0.3459948647593787,NVIDIA GeForce RTX 3050Ti,1024,16,Windows 10 Pro,HP Wide Vision 720p HD camera with integrated dual array digital microphones,4197.0,1.65,13.4
acer,0.3206500410155922,Core i5-8565U,0.1323715649752131,NVIDIA GeForce MX450,512,8,Windows 10 Home Single Language 64,280 x 720,2678.07,0.0,13.72
acer,0.2020757732815178,Athlon Gold 3150U,0.1699954517350782,Intel Iris Xe Graphics G7 80EUs,512,8,Windows 10 Home,720p HD f2.0,3691.09,2.17,15.17
huawei,0.4580430557533557,Ryzen 5 5600H,0.5736915197884364,GeForce RTX 3060,512,4,Windows 11 Home,280 x 720,2369.62,1.69,13.61
hp,0.2747991840325483,Core i3-10110U,0.1699954517350782,Intel Iris Xe Graphics G7 80EUs,256,4,Windows 10 Home,720p HD f2.0,788.24,1.41,13.79
msi,0.3238647388453149,Ryzen 3 5300U,0.1204766946766549,AMD Radeon RX Vega 6,256,8,Windows 10 Home,HP Wide Vision 720p HD camera with integrated dual array digital microphones,1238.39,1.3,13.5
asus,0.4414286198575741,i7-1185G7,0.3341125709433435,NVIDIA GeForce GTX 1650,512,16,Windows 10,,11999.0,2.2,15.38
acer,0.1967089472306549,Athlon Silver 3050U,0.1323715649752131,NVIDIA GeForce MX450,512,16,Windows 11 Home,720p,5288.6,2.04,15.5
msi,0.1985257025502327,Pentium Silver N6000,0.2185716480671388,Intel Iris Xe Graphics,256,8,Windows 10 Home,720p with Privacy Shutter,2372.24,1.32,14.45
asus,0.4414286198575741,i7-1185G7,0.3459948647593787,NVIDIA GeForce RTX 3050Ti,512,32,Windows 10 Home,1,8366.35,1.54,14.34
acer,0.346091177176726,Core i7-10510U,0.0704614297086188,AMD Radeon RX Vega 3,1024,8,Windows 10 Pro 64,VGA,7022.44,2.36,15.91
