Brand,Model,Product Type,Colour,Processor Model,CPU Cores,Processor Speed (GHz),Processor Max Speed,RAM (GB),RAM Type,Storage Type,Storage Size (GB),Operating System,Screen Size (inches),Resolution,Graphics Card Type,Graphics Card Memory (GB),Camera Resolution (MP),Type,Bluetooth,Other Ports,USB,Wireless Ready,Weight (kg),Product Height (cm),Product Width (cm),Product Depth (cm),Price (RM)
Microsoft,Surface Laptop Studio (ABY-00017),Surface Laptop Studio,Platinum,Core i7-11370H,4,3.3,4.8 GHz,32,LPDDR4x,SSD,1 TB,Windows 11 Home,14.4,2400 x 1600,NVIDIA GeForce RTX 3050Ti,4,1080p with Windows Hello Authentication,PixelSense Flow Display,Bluetooth 5.1,1 x Surface Connect port,"2 x USB Type-C (USB4, Thunderbolt 4)",Wi-Fi 6 (802.11ax),1.82,1.89cm,32.33cm,22.83cm,11999
Acer,Aspire 5 (A515-56-33DS),Laptop,Silver ,i3-1115G4,2,3.0,4.1 GHz,4,DDR4 SDRAM,PCI Express SSD,512,Windows 10 Home,15.6,1920 x 1080,Intel UHD Graphics,,HD,,Bluetooth 5.0,,"1 x USB Type-C (3.2 Gen 1), 2 x USB Type-A (3.2 Gen 1), 1 x USB Type-A (2.0)",IEEE 802.11 a/g/n/ac/ax,1.90,0.79cm,36.34cm,23.85cm,2699
HP,14s-FQ0069AU,Laptop,Silver ,Silver 3050U,2,,3.2 GHz,4 GB,DDR,PCIe SSD,512,Windows 10 Home,"14""",,,,,,Bluetooth 4.2,,"1 x USB Type-C, 2 x USB Type-A",Realtek RTL8821CE 802.11a/b/g/n/ac (1x1) Wi-Fi,1.47,,,,1899
Asus,ExpertBook P2451FA (P2451F-AEK0442R),Laptop,,Core i5-10210U,4,1.6,4.2 GHz,8,"DDR4 2666MHz SDRAM, 2 x SO-DIMM socket for expansion",PCIe Gen3 x4 SSD M.2,256,Windows 10 Pro,14,1920 x 1200,Intel UHD Graphics 620,,HD 720p CMOS module,"LED-backlit, 60Hz Anti-Glare Panel with 45% NTSC",Bluetooth 5.0,,"1 x USB Type-C (3.2 Gen 2 with Display and Power Delivery Support), 2 x USB Type-A (3.2 Gen 1), 1 x USB Type-A (2.0)",Integrated Wi-Fi 6 (802.11 ax (2x2),1.6,1.99cm,32.53cm,23.29cm,3297
Microsoft,Surface Laptop Go (THJ-00018),Laptop,Platinum,Core i5-1035G1,4,1.0,3.6 GHz,8,LPDDR4x,SSD,256,Windows 10 Home in S mode,12.4,1536 x 1024,Intel UHD Graphics G1 (Ice Lake 32 EU),,720p HD f2.0 camera (front-facing),PixelSense Display,Bluetooth 5.0,1 x Surface Connect port,"1 x USB Type-C, 1 x USB Type-A",802.11ax Wi-Fi 6,1.11,20.57cm,27.82cm,1.57cm,4288
Huawei,MateBook 13,Laptop,Space Grey,Core i5-8565U,4,1.80,4.6 GHz,8, LPDDR3 2133MHz,PCIe SSD,512,No Operating System,13, 2160 x 1440,NVIDIA GeForce MX250,2,,,Bluetooth 5.0,,2 x USB Type-C,IEEE 802.11a/b/g/n/ac,1.28,1.49cm,28.6cm,21.1cm,3999
Microsoft,"Surface Laptop 3 15"" (VGZ-00037)",Surface Laptop,Matte Black,Ryzen 5 3580U,4,2.1,3.7 GHz,8,DDR4,SSD,256,Windows 10 Home,15,2496 x 1664,AMD Radeon RX Vega 9,,720p HD,PixelSense,Bluetooth 5.0,1 x Surface Connect port,"1 x USB-C, 1 x USB 3.0",Wi-Fi 5: 802.11ac compatible,1.542,24.4cm,33.95cm,1.47cm,6386
Huawei,MateBook 13,Laptop,Space Grey,Intel Core i5-10210U,,,,16,LPDDR3 2133MHz,PCIe SSD,512,Windows 10 Home 64,13,2160 x 1440,Nvidia GeForce MX250,4,1,IPS,Bluetooth 5.0,,2 x USB Type-C, 802.11a/b/g/n/ac,1.3,1.49cm,28.6cm,21.1cm,4499
Huawei,D15 i3 (10th Gen),Laptop,Mystic Silver,i3-10110U,2,2.10 GHz,4.10 GHz,8 GB,,,256 GB,Windows 10 Home 64,15.6,1920 x 1080, Intel UHD Graphics 620,,1 MP,,Bluetooth 5.0,,"1 x USB-C, 1 x USB 3.0, 2 x USB 2.0",WiFi 5,1.53,1.69cm,35.78cm,22.99cm,1999
Acer,Chromebook 311 (C733-C8F7),Notebooks,Shale Black,Intel® Celeron® N4120,4,,,4,LPDDR4,,32,Chrome OS™,"11.6""",1366 x 768,UHD Graphics 600,,"720p HD Camera, excellent for Video Conferencing",LCD,,,4 X USB,IEEE 802.11a/b/g/n/ac,1.25,2.13cm,30.2cm,20.9cm,1349
Microsoft,"Surface Laptop 3 13.5"" (VGZ-00037)",Surface Laptop,Matte Black,Core i7-1065G7,4,1.3,3.9 GHz,16,LPDDR4x,SSD,256,Windows 10 Home,13.5,2256 x 1504,Intel Iris Plus Graphics G7 (Ice Lake 64 EU),,720p HD,PixelSense,Bluetooth 5.0,1 x Surface Connect port,"1 x USB-C, 1 x USB 3.0",Wi-Fi 6: 802.11ax compatible,1.288,22.3cm,30.8cm,1.45cm,6386
HP,ENVY 15-ep0010TX,Laptop,Natural Silver,Core i7-10750H,6,2.6,5.0 GHz,16,DDR4-2933 SDRAM (2 x 8 GB) Transfer rates up to 2933 MT/s,PCIe NVMe TLC M.2 SSD,1 TB,Windows 10 Home Single Language 64,15.6,1920 x 1080,NVIDIA GeForce GTX 1660 Ti with Max-Q design,6,HP Wide Vision HD camera with camera shutter and integrated dual array digital microphone,"multitouch-enabled, IPS, edge-to-edge glass, micro-edge, 400 nits, 100% sRGB",Bluetooth 5.0,,"2 x USB Type-C (Thunderbolt 3, USB Power Delivery, DisplayPort 1.4, HP Sleep and Charge), 1 x USB Type-A (SuperSpeed, HP SLeep and Charge), 1 x USB Type-A (SuperSpeed)",Intel Wi-Fi 6 AX201 (2x2),2.14,1.84cm,35.79cm,23.68cm,5999
HP,ProBook 440 G7,Laptop,,Core i5-10210U,4,1.6 GHz,,8,DDR4-2666 SDRAM,SSD,256,Windows 10 Pro,14,,,,720p,WLED-backlit,,1 RJ-45; 1 headphone/microphone combo,1 USB 3.1 Type-C x 2 USB 3.1 Gen 1 (Data transfer only),,1.6,1.8cm,32.42cm,23.77cm,3499
MSI,Prestige 14 (A10RBS-255) ,Laptop,,Core i7-10510U,4,1.8,4.8 GHz,16,2666MHz DDR4 16GB,NVMe PCIe SSD,512,Windows 10 Home,14,1920 x 1080,Nvidia Geforce MX350,2,720p,"IPS-Level, 60Hz, 72% NTSC, Thin Bezel, close to 100% sRGB",Bluetooth 5.0,,"2 x USB Type-C (3.2 Gen 2 with Thunderbolt 3),2 x USB Type-A (2.0)",802.11 ac Wi-Fi ,1.29,1.59cm,31.9cm,21.5cm,3697
Microsoft,"Surface Laptop 3 13.5"" (V4C-00037)",Surface Laptop,Matte Black,Core i5-1035G7,4,1.2,3.7 GHz,8,LPDDR4x,SSD,256,Windows 10 Home,13.5,2256 x 1504,Intel Iris Plus Graphics G7 (Ice Lake 64 EU),,720p HD,PixelSense,Bluetooth 5.0,1 x Surface Connect port,"1 x USB-C, 1 x USB 3.0",Wi-Fi 6: 802.11ax compatible,1.288,22.3cm,30.8cm,1.45cm,4828
Huawei,D14,Laptop,Mystic Silver,Core i5-10210U,4,1.6,4.2 GHz,8,DDR4 (2400MHz),NVMe PCIe SSD,512,Windows 10 Home,14,1920 x 1080,,,1,IPS,Bluetooth 5.0,,"1 x USB Type-C, 1 x USB Type-A (3.0), 1 x USB Type-A (2.0)"," IEEE 802.11a/b/g/n/ac, 2.4 GHz/5 GHz, 2 x 2 MIMO",,,,,3399
Microsoft,Surface Laptop Go (THH-00018),Laptop,Platinum,Core i5-1035G1,4,1.0,3.6 GHz,8,LPDDR4x,SSD,128,Windows 10 Home in S mode,12.4,1536 x 1024,Intel UHD Graphics G1 (Ice Lake 32 EU),,720p HD f2.0 camera (front-facing),PixelSense Display,Bluetooth 5.0,1 x Surface Connect port,"1 x USB Type-C, 1 x USB Type-A",802.11ax Wi-Fi 6,1.11,20.57cm,27.82cm,1.57cm,3388
Asus,M415U-AEB160TS,Laptop,Transparent Silver,Ryzen 3 5300,4,2.6,3.8 GHz,4,DDR4,M.2 NVMe PCIe 3.0 SSD,512,Windows 10 Home,14,1920 x 1080,AMD Radeon RX Vega 6,,VGA,"16:9, IPS-level Panel, Anti-glare display, LED Backlit, 250 nits, NTSC: 45%",Bluetooth 4.2,,"1 x USB Type-C (3.2 Gen 1), 1 x USB Type-A (3.2 Gen 1), 2 x USB Type-A (2.0)",Wi-Fi 5 (802.11ac),1.6,1.99cm,32.54cm,21.6cm,2499
HP,Pavilion Aero Laptop 13 (13-BE0047AU),Laptop,Warm Gold,Ryzen 5 5600U,6,2.3,4.2 GHz,8,DDR4-3200 MHz RAM,PCIe NVMe M.2 SSD,512,Windows 10 Home 64,13.3,1920 x 1080,AMD Radeon RX Vega 7,,HP Wide Vision 720p HD camera with integrated dual array digital microphones,"IPS, edge-to-edge glass, micro-edge, anti-glare, 400 nits, 100% sRGB",Bluetooth 5.2,,"1 x USB Type-C (SuperSpeed 10 Gbps signaling rate, USB Power Delivery, DisplayPort 1.4, HP Sleep and Charge), 2 x USB Type-A (SuperSpeed 5 Gbps signaling rate)",Realtek Wi-Fi CERTIFIED 6 (2x2),< 1,1.69cm,29.7cm,20.9cm,3197
Microsoft,Surface Laptop Go (1ZO-00018),Laptop,Platinum,Core i5-1035G1,4,1.0,3.6 GHz,4,LPDDR4x,eMMC,64,Windows 10 Home in S mode,12.4,1536 x 1024,Intel UHD Graphics G1 (Ice Lake 32 EU),,720p HD f2.0 camera (front-facing),PixelSense Display,Bluetooth 5.0,1 x Surface Connect port,"1 x USB Type-C, 1 x USB Type-A",802.11ax Wi-Fi 6,1.11,20.57cm,27.82cm,1.57cm,2758
Lenovo,Thinkpad T490 (20RYS0MD00),Laptop, Black,Core i5-10210U,4,1.6,4.2 GHz,8,DDR4-2400 DDR4 SDRAM 2400MHz,SSD PCIe,256,Windows 10 Pro 64,14,1366 x 768,Intel UHD Graphics 620,,720p HD Camera,"IPS, Anti-Glare, 250nits",Bluetooth 5.0,,"1 x USB Type-C (3.2 Gen 1, Thunderbolt 3, DP and PD Function), 1 x USB Type-C (3.1 Gen 1, DP and PD Function), 2 x USB Type-A (3.1 Gen 1, Always On)",Intel Wi-Fi 6 AX201 2x2 AX,1.46,1.89cm,32.9cm,22.7cm,3659
Huawei,MateBook X Pro,Laptop,Emerald Green,Core i5-1135G7,4,2.4,4.2 GHz,16,LPDDR4 x 4266 MHz,PCIe NVMe SSD,512,Windows 10 Home 64,13.9,3000 x 2000,Intel Iris Xe Graphics G7 80EUs,,720p HD,"FullView, 3:2 Aspect Ratio, 100% sRGB",Bluetooth 5.1,,"2 x USB Type-C (USB 3.1, With a charging icon, Maximum output 5V/2A), 1 x USB Type-A (USB 3.0, Maximum output 5V/2A)",WiFi 6,1.33,1.46cm,30.4cm,21.7cm,6899
Acer,Swift 3 (SF314-43-R6WW),Laptop,Electric Blue,Ryzen 5 5500U,6,2.1,4.0 GHz,8,LPDDR4X,PCIe NVMe SSD,512,Windows 10 Home 64,14,1920 x 1080,AMD Radeon RX Vega 7,,280 x 720,"IPS (In-Plane Switching) technology , high-brightness (300 nits), Acer ComfyView, LED-backlit TFT LCD, 16:9 aspect ratio, 45% NTSC color gamut",Bluetooth 5.0,,"1 x USB Type-C (3.1 Gen 1), 1 x USB Type-A (3.1 Gen 1), 1 x USB Type-A (2.0)",Intel Wireless Wi-Fi 6 AX201 supporting dual band 2.4Ghz & 5Ghz,1.2,1.6cm,31.95cm,21.7cm,3297
Acer,Swift 5 (SF514-54GT-53FE),Laptop,Moonlight White,Core i5-1035G1,4,1.0,3.6 GHz,8, LPDDR4,SSD,512,Windows 10 Home,14, 1920 x 1080,NVIDIA GeForce MX350,2,HD,CineCrystal IPS LED-backlit Display,Bluetooth 5.0,,"1 x USB Type-C (3.1 Gen 1), 1 x USB Type-A (3.1 Gen 1), 1 x USB Type-A (2.0)",IEEE 802.11 a/b/g/n/ac/ax,0.99,1.5cm,31.87cm,21.05cm,3997
Huawei,MateBook X Pro,Laptop,Space Grey,Core i7-8550U,4,1.9,4.2 GHz,16,LPDDR3 2133 MHz,,,Windows 10 Home,13.9,3000 x 2000,NVIDIA GeForce MX150,2,1,LTPS,Bluetooth 4.1,,"1 x USB Type-C Thunderbolt 3, 1 x USB Type-C, 1 x USB Type-A 3.0","EEE 802.11a/b/g/n/ac, 2.4 / 5 GHz 2 x 2 MIMO",1.33,21.7cm,30.4cm,1.46cm,6999
HP,HP Spectre x360 Convertible (14-ea0054TU),2-in-1 Laptops,Poseidon Blue,Core i7-1165G7,4,2.8,4.7 GHz,16,LPDDR4x-4266 SDRAM,PCIe NVMe TLC SSD,1 TB,Windows 10 Home 64,13.5,1920 x 1080,Intel Iris Xe Graphics G7 96EUs,,HD,Touchscreen FPR HP Sure View integrated privacy screen,Bluetooth 5.0,,"2 x USB Type-C (Thunderbolt 4 with USB4, 40Gbps signaling rate, USB Power Delivery, DisplayPort 1.4, HP Sleep and Charge), 1 x USB Type-A (SuperSpeed USB 10Gbps signaling rate, HP Sleep and Charge)",Intel Wi-Fi 6 AX 201 (2x2) ,1.34,1.69cm,29.83cm,22.01cm,7099
MSI,Modern 15 (A11SB-075),Laptop,Carbon Gray,Core i7-1165G7,4,2.8,4.7 GHz,8,DDR4-3200,NVMe PCIe Gen3x4 SSD,512,Windows 10 Home,15.6,1920 x 1080,NVIDIA GeForce MX450,2,HD type (30fps@720p),IPS-Level,Bluetooth 5.1,,"1 x USB Type-C (USB 4.0, DisplayPort, Thunderbolt 3, PD Charging), 2 x USB Type-A (3.2 Gen 2), 1 x USB Type-A (3.2 Gen 1)",802.11 ax Wi-Fi 6 ,1.6,1.69cm,35.68cm,23.38cm,4399
Microsoft,Surface Laptop 4 (5PB-00018),Surface Laptop,Platinum,Ryzen 5 4680U,6,2.1,4.0 GHz,8,LPDDR4x RAM,SSD,256,Windows 10 Home,13.5,2256 x 1504,AMD Radeon RX Vega 6,,720p HD f2.0,"3:2 Aspect Ratio, 10 point multi-touch, PixelSense Display",Bluetooth 5.0,1 x Surface Connect port,"1 x USB Type-C, 1 x USB Type-A",Wi-Fi 6: 802.11ax compatible,1.265,1.45cm,30.8cm,22.3cm,4599
HP,Envy 15-EP0009TX,Laptop,Natural Silver,Core i5-10300H,4,2.5,4.5 GHz,16,DDR4-2933 SDRAM, PCIe NVMe M.2 SSD,512,Windows 10 Home,15.6,1920 x 1080,Intel UHD Graphics 630,,HD,"Multitouch-enabled, IPS, edge-to-edge glass, micro-edge, 400 nits, 100% sRGB",Bluetooth 5.0,,"2 x USB Type-C (USB Power Delivery, DisplayPort 1.4, HP Sleep and Charge), 1 x USB Type-A (HP Sleep and Charge), 1 x USB Type-A",Intel Wi-Fi 6 AX201 (2x2),2.14,1.84cm,35.79cm,23.68cm,5799
Huawei,53011PVM,Notebooks,,Core i5-1135G7,4,2.4,4.2 GHz,16,DDR4 3222 MHZ,SSD,512,Windows 10 Home 64,"14""",2160 x 1440,Intel Iris Xe Graphics G7 80EUs,, 720P HD Recessed camera,,Bluetooth 5.0,," 1 x USB Type-C (Supports data, charging and DisplayPort), 2 x USB Type-A (3.2 Gen 1)",WiFi 6.0,1.5,1.59cm,30.6cm,22.2cm,4497
Huawei,MateBook D15,Laptop,Mystic Silver,Core i5-10210U,,1.6, 4.2 GHz,8,,SSD,512,Windows 10 Home 64,15.6,1920 x 1080,Intel UHD Graphics 620,,1,IPS,Bluetooth 5.0,,"1 x USB Type-C, 1 x USB Type-A (3.0), 2 x USB Type-A (2.0)",WiFi 5,1.53,1.69cm,35.78cm,22.99cm,2699
Acer,Nitro 5 (AN515-56-763W),Gaming laptop, Black,Core i7-11370H,4,3.3,4.8 GHz,8,DDR4 3200Mhz,PCIe NVMe SSD,512,Windows 10 Home,15.6,1920 x 1080,NVIDIA GeForce GTX 1650,4,HD,"144Hz display with IPS (In-Plane Switching) technology, Acer ComfyViewTM LED-backlit TFT LCD 16:9 aspect",Bluetooth 5.0,,"1 x USB Type-C (3.2 Gen 2), 1 x USB Type-A (3.2 Gen 2), 2 x USB Type-A (3.2 Gen 1)",IEEE 802.11 a/b/g/n/ac/ax,2.3,2.39cm,36.34cm,25.5cm,4397
Microsoft,Surface Laptop 4 (5UI-00018),Surface Laptop,Platinum,Ryzen 7 4980U,8,,4.4 GHz,8,LPDDR4x RAM,SSD,256,Windows 10 Home,15,2496 x 1664,AMD Radeon RX Vega 8,,720p HD f2.0,"3:2 Aspect Ratio, 10 point multi-touch, PixelSense Display",Bluetooth 5.0,1 x Surface Connect port,"1 x USB Type-C, 1 x USB Type-A",Wi-Fi 6: 802.11ax compatible,1.542,1.47cm,33.95cm,24.4cm,5999
HP,Laptop 15s-eq1017au,Laptop,Natural Silver,Athlon Silver 3050U,2,2.3,3.2 GHz,4,DDR4-2400 SDRAM,PCIe NVMe M.2 SSD,256,Windows 10 Home 64,15.6,1366 x 768,AMD Radeon Graphics,,HP TrueVision HD Camera with integrated dual array digital microphone,SVA BrightView micro-edge WLED-backlit,Bluetooth 4.2,,"1 x SuperSpeed USB Type-C, 2 x SuperSpeed USB Type-A", 802.11ac (1x1) Wi-Fi,1.69,1.79cm,35.85cm,24.2cm,1799
HP,15s-FQ2514TU,Laptop,Natural Silver,Core i3-1115G4,2,3.0,4.1 GHz,8,DDR4-2666 SDRAM,PCIe NVMe M.2 SSD,512,Windows 10 Home 64,15.6,1366 x 768,Intel UHD Graphics Xe G4 48EUs,,HP True Vision 720p HD camera with integrated dual array digital microphones,"Micro-edge, BrightView, 250 nits, 45% NTSC",Bluetooth 5.0,,"1 x USB Type-C (SuperSpeed 5 Gbps signaling rate), 2 x USB Type-A (SuperSpeed 5 Gbps signaling rate)",Realtek RTL8822CE 802.11a/b/g/n/ac (2x2) Wi-Fi,1.7,1.79cm,35.85cm,24.2cm,2699
Lenovo,Ideapad D330 (82H0000PMJ),Laptop,Grey ,Celeron N4020,2,1.1,2.8 GHz,4,LPDDR4-2133 RAM,eMMC,128,Windows 10 Pro,10.1,1280 x 800,Intel UHD Graphics 600,,,"IPS, 300 Nits Brightness, Anti-glare",Bluetooth 4.2,,1 x USB Type-C (3.2 Gen 1) 2 x USB Type-A (2.0),Wi-Fi 5 (802.11ac),1.10,0.95cm,24.9cm,17.8cm,1397
Lenovo,Ideapad 3 (81WD00N1MJ),Laptop,Abyss Blue,Core i3-1115G4,2,3.0,4.1 GHz,8,DDR4-3200,SSD M.2 2242 PCIe,512,Windows 10 Home,14,1920 x 1080,Intel UHD Graphics Xe G4 48EUs,,720p with Privacy Shutter,"TN, 250 nits, Anti-glare, 45% NTSC",Bluetooth 5.0,,"1 x USB Type-C (3.2 Gen 1, Data Transfer Only), 1 x USB Type-A (3.2 Gen 1), 1 x USB Type-A (2.0)",802.11ac 2x2 Wi-Fi,1.41,1.99cm,32.42cm,21.57cm,2197
HP,15S-EQ1018AU,Laptop,Natural Silver,Athlon Silver 3050U,2,2.3,3.2 GHz,4,DDR4-2400 SDRAM,PCIe NVMe M.2 SSD,256,Windows 10 Home,15.6,1366 x 768,AMD Radeon Graphics,,,SVA BrightView WLED-backlit,Bluetooth 4.2,,"1 x USB Type-C (SuperSpeed USB 5 Gbps signaling rate), 2 x USB Type-A (SuperSpeed 5 Gbps signaling rate)",Realtek 802.11a/b/g/n/ac (1x1) Wi-Fi,1.69,1.79cm,35.85cm,24.2cm,1799
HP,Victus 16-E0127AX,Gaming laptop, Black,Ryzen 5 5600H,6,3.3,4.2 GHz,8,DDR4-3200 SO-DIMM,M.2 NVMe PCIe 3.0 SSD ,512,Windows 10 Home,16.1,1920 x 1080,NVIDIA GeForce GTX 1650,4,HP Wide Vision 720p HD camera with integrated dual array digital microphones,"144 Hz, IPS, micro-edge, anti-glare, 250 nits, 45% NTSC",Bluetooth 5.2,,"1 x USB Type-C (SuperSpeed 5 Gbps signaling rate, DisplayPort 1.4, HP Sleep and Charge), 1 x USB Type-A (SuperSpeed 5 Gbps signaling rate, HP Sleep and Charge), 2 x USB Type-A (SuperSpeed 5 Gbps signaling rate)",Realtek Wi-Fi CERTIFIED 6 (2x2),2.47,2.35cm,37cm,26cm,3697
HP,Victus 16-E0120AX,Gaming laptop,Performance Blue,Ryzen 7 5800H,8,3.2,4.4 GHz,8,DDR4-3200 SO-DIMM,M.2 NVMe PCIe 3.0 SSD ,512,Windows 10 Home,16.1,1920 x 1080,NVIDIA GeForce RTX 3050 Ti ,4,HP Wide Vision 720p HD camera with integrated dual array digital microphones,"144 Hz, IPS, micro-edge, anti-glare, 250 nits, 45% NTSC",Bluetooth 5.2,,"1 x USB Type-C (SuperSpeed 5 Gbps signaling rate, DisplayPort 1.4, HP Sleep and Charge), 1 x USB Type-A (SuperSpeed 5 Gbps signaling rate, HP Sleep and Charge), 2 x USB Type-A (SuperSpeed 5 Gbps signaling rate)",Realtek Wi-Fi CERTIFIED 6 (2x2),2.47,2.35cm,37cm,26cm,4698
HP,ProBook 440 G8,Laptop,Pike Silver,Core i5-1135G7,4,2.4,4.2 GHz,8,DDR4-3200 SDRAM,PCIe NVMe M.2 SSD,256,Windows 10 Pro 64,14,1920 x 1080,Intel Iris Xe Graphics G7 80EUs,,720p HD camera,"IPS, narrow bezel, anti-glare, 250 nits, 45% NTSC",Bluetooth 5.0,,"1 x USB Type-C (SuperSpeed 10Gbps signaling rate, USB Power Delivery, DisplayPort), 3 x USB Type-A (SuperSpeed USB 5Gbps signaling rate) (1 charging, 1 power)",Intel AX201 Wi-Fi 6 (2x2),1.38,1.99cm,32.19cm,21.39cm,3397
MSI,14EVO A11M-239,Laptop,Carbon Gray,i7-1185G7,,,,16,DDR IV,NVMe PCIe SSD,512,,14,1920x1080,Intel® Iris® Xe Graphics,,IR HD type (30fps@720p),,,,,,1.3,1.69cm,31.9cm,21.9cm,5199
HP,Pavilion Aero Laptop 13-be0048AU,Laptop,Pale Rose,Ryzen 5 5600U,6,2.3,4.2 GHz,8,DDR4-3200 MHz RAM,PCIe NVMe M.2 SSD,512,Windows 10 Home Single Language 64,13.3,1920 x 1200,AMD Radeon RX Vega 7,,HP Wide Vision 720p HD camera with integrated dual array digital microphones,"IPS, edge-to-edge glass, micro-edge, anti-glare, 400 nits, 100% sRGB",Bluetooth 5.2,,"1 x USB Type-C (SuperSpeed USB 10 Gbps signaling rate, USB Power Delivery, DisplayPort 1.4, HP Sleep and Charge), 2 x USB Type-A (SuperSpeed 5 Gbps signaling rate)",Realtek Wi-Fi CERTIFIED 6 (2x2),< 1,1.69cm,29.7cm,20.9cm,3197
Lenovo,ThinkPad E14 Gen 2 (AMD),Laptop, Black,Ryzen 5 PRO 4650U,6,2.1,4 Ghz,8,DDR4 3200MHz,M.2 2242 SSD,512,Windows 10 Home 64,14,1920 x 1080,AMD Radeon RX Vega 6,,IR & 720p HD Camera with PrivacyShutter,"IPS, 250 nits, Anti-glare",Bluetooth 5.0,,"1 x USB Type-C (3.1 Gen 1, Power Delivery, Display Port), 1 x USB Type-A (3.1 Gen 1), 1 x USB Type-A (2.0)",Realtek 8822CE 11AC (2x2),1.59,1.79cm,32.4cm,22cm,3299
MSI,Summit E13 Flip Evo (A11MT-085),Laptop,Ink Black,Core i5-1135G7,4,2.4,4.2 GHz,16,LPDDR4X,NVMe PCIe Gen4 SSD,512,Windows 10 Home,13.4,1920 x 1200,,Intel Iris Xe Graphics G7 80EUs,IR HD type (30fps@720p),"16:10, IPS-Level, Touchscreen, Support MSI Pen",Bluetooth 5.2,,"2 x USB Type-C (USB4, ThunderBolt 4, DisplayPort, PD Charging), 1 x USB Type-C (3.2 Gen 2), 1 x USB Type-A (3.2 Gen 1)",802.11 ax Wi-Fi 6E,1.35,1.49cm,30.02cm,22.23cm,4997
Huawei,MateBook D15,Laptop,Mystic Silver,Core i5-1135G7,4,2.4,4.2 GHz,8,,SSD,512,Windows 10 Home 64,15.6,1920 x 1080,Intel Iris Xe Graphics G7 80EUs,,1,,Bluetooth 5.1,,"1 x USB Type-C, 1 x USB Type-A (3.0), 2 x USB Type-A (2.0)",WiFi 6.0,1.53,1.69cm,35.78cm,22.99cm,3397
HP,245 G8,Laptop,Asteroid Silver,Ryzen 3 3300U,4,2.1,3.5 GHz,4,DDR4-PC4,SSD,256,Windows 10,14,1366 x 768,AMD Radeon RX Vega 6,,HD,"Micro-edge, Anti-glare, 250 nits, 45% NTSC",,,"1 x USB Type-C (SuperSpeed 5 Gbps), 2 x USB Type-A (SuperSpeed 5 Gbps)",Realtek RTL8821CE 802.11a/b/g/n/ac (1x1) Wi-Fi,1.47,1.99cm,32.4cm,22.59cm,2199
Asus,ExpertBook B9450 (B9450F-ABM0285R),Laptop,Star Black,Core i5-10210 processor,4,1.6,4.2 GHz,8,2133MHz LDDR3,M.2 NVMe PCIe 3.0,512,Windows 10 Pro,14,1920 x 1080,  Integrated Intel UHD Graphics 620,,  720p HD camera with microphone; IR camera,"LED-backlit, anti-glare screen, 300nits brightness display, Wide 100% sRGB color gamut (NTSC: 72%), IPS-level wide-view technology",Bluetooth 5.0,,"2 x USB Type-C (Thunderbolt 3), 1 x USB Type-A (3.1 Gen 2)",Wi-Fi 6 (802.11ax),0.870,1.49cm,32cm,20.3cm,6599
HP,Laptop 14s-fq0058AU,Laptop,Pale Gold,3020e,2,1.2,2.6 GHz,,,PCIe NVMe M.2 SSD,256,Windows 10 Home Single Language 64,14,1366 x 768,AMD Radeon RX Vega 3,,HP True Vision 720p HD camera with integrated dual array digital microphones,"Micro-edge, BrightView, 220 nits, 45% NTSC",Bluetooth 4.2,,"1 x USB Type-C (SuperSpeed USB 5 Gbps signaling rate), 2 x USB Type-A (SuperSpeed 5 Gbps signaling rate)",Realtek RTL8821CE 802.11a/b/g/n/ac (1x1) Wi-Fi,1.47,1.79cm,32.4cm,22.5cm,1799
Microsoft,Surface Laptop 4 (5EB-00018),Surface Laptop,Matte Black,Core i7-1185G7,4,3.0,4.8 GHz,16,LPDDR4x RAM,SSD,512,Windows 10 Home,13.5,2256 x 1504,Intel Iris Xe Graphics G7 96EUs,,720p HD f2.0,"3:2 Aspect Ratio, 10 point multi-touch, PixelSense Display",Bluetooth 5.0,1 x Surface Connect port,"1 x USB Type-C, 1 x USB Type-A",Wi-Fi 6: 802.11ax compatible,1.288,1.45cm,30.8cm,22.3cm,7999
HP,Pavilion Aero Laptop 13-be0045AU,Laptop,Warm Gold,Ryzen 5 5600U,6,2.3,4.2 GHz,8,DDR4-3200 MHz RAM,PCIe NVMe M.2 SSD,512,Windows 10 Home Single Language 64,13.3,2560 x 1600,AMD Radeon RX Vega 7,,HP Wide Vision 720p HD camera with integrated dual array digital microphones,"IPS, micro-edge, anti-glare, 400 nits, 100% sRGB",Bluetooth 5.2,,"1 x USB Type-C (SuperSpeed 10 Gbps signaling rate, USB Power Delivery, DisplayPort 1.4, HP Sleep and Charge), 2 x USB Type-A (SuperSpeed 5 Gbps signaling rate)",Realtek Wi-Fi CERTIFIED 6 (2x2),< 1,1.69cm,29.7cm,20.9cm,3497
Huawei,MateBook 14 (2021),Laptop,Space Gray,Core i5-1135G7,4,2.4 GHz,4.2,8,DDR4,NVMe PCIe SSD,512,Windows 10 Home,14,2160 x 1440,Intel Iris Xe Graphics G7 80EUs,,720P HD Recessed camera,"IPS, 100% sRGB, 300 Nits, TÜV Rheinland Low Blue Light Certification",Bluetooth 5.1,,"1 x USB Type-C (Support data, Charging and DisplayPort), 2 x USB Type-A (3.2 Gen 1)",IEEE 802.11a/b/g/n/ac/ax,1.49,1.59cm,30.6cm,22.2cm,4197
HP,Pavilion Aero Laptop 13-be0028AU,Laptop,Warm Gold,Ryzen 7 5800U,8,1.9,4.4 GHz,8,DDR4-3200 MHz RAM,PCIe NVMe M.2 SSD,512,Windows 10 Home,13.3,2560 x 1600,AMD Radeon RX Vega 8,,HP Wide Vision 720p HD camera with integrated dual array digital microphones,"IPS, micro-edge, anti-glare, 400 nits, 100% sRGB",Bluetooth 5.2,,"1 x USB Type-C (SuperSpeed 10 Gbps signaling rate, USB Power Delivery, DisplayPort 1.4, HP Sleep and Charge), 1 x USB Type-A (SuperSpeed 5 Gbps signaling rate, HP Sleep and Charge), 2 x USB Type-A (SuperSpeed 5 Gbps signaling rate)",Realtek Wi-Fi CERTIFIED 6 (2x2),< 1,1.69cm,29.7cm,20.9cm,3999
MSI,Pulse GL66 11UCK-624,Gaming laptop,Titanium Grey,Core i7-11800H,8,2.3,4.6 GHz,8,DDR4-3200,M.2 SSD (NVMe PCIe Gen3),512,Windows 10 Home,15.6,1920 x 1080,NVIDIA GeForce RTX 3050,4,,"144Hz, IPS-Level",Bluetooth 5.2,,"1 x USB Type-C (3.2 Gen 1), 2 x USB Type-A (3.2 Gen 1), 1 x USB Type-A (2.0)",802.11 ax Wi-Fi 6 ,2.25,2.4cm,35.9cm,25.9cm,5599
Huawei,MateBook 14s,Laptop,Space Grey,Core i5-11300H,4,3.1,4.4 GHz,8,LPDDR4x Dual Channel,NVMe PCIe SSD,512,Windows 10 Home,14.2,2520 x 1680,Intel Iris Xe Graphics G7 80EUs,,720P HD,"LTPS, 100% sRGB, 400 nits, 1.07 billion colors",Bluetooth 5.1,,"2 x USB Type-C (Data, Charging, DisplayPort), 1 x USB Type-A (3.2 Gen 1)",IEEE 802.11a/b/g/n/ac/ax,1.43,1.67cm,31.38cm,22.98cm,4999
HP,ENVY x360 Convert 13-ay1013AU,Laptop,Nightfall Black,Ryzen 5 5600U,6,2.3,4.2 GHz,8,DDR4-3200 MHz RAM,PCIe NVMe M.2 SSD,512,Windows 11 Home,13.3,1920 x 1080,AMD Radeon RX Vega 7,,HP Wide Vision 720p HD camera with camera shutter and integrated dual array digital microphones,"Multitouch-enabled, IPS, edge-to-edge glass, micro-edge, Corning Gorilla Glass NBT, 400 nits, 100% sRGB",Bluetooth 5.2,,"1 x USB Type-C (SuperSpeed 10 Gbps signaling rate, USB Power Delivery, DisplayPort 1.4, HP Sleep and Charge), 1 x USB Type-A (SuperSpeed 5 Gbps signaling rate, HP Sleep and Charge), 1 x USB Type-A ( SuperSpeed 5 Gbps signaling rate)",Realtek Wi-Fi 6 (2x2),1.3,1.64cm,30.65cm,19.46cm,3999
HP,Laptop 15s-du3023TX,Laptop,Natural Silver,Core i5-1135G7,4,2.4,4.2 GHz,8,DDR4-2666 MHz RAM,PCIe NVMe M.2 SSD,512,Windows 11 Home,15.6,1920 x 1080,NVIDIA GeForce MX350,2,,"Micro-edge, anti-glare, 250 nits, 45% NTSC",Bluetooth 5.0,,"1 x USB Type-C (SuperSpeed 5 Gbps), 2 x USB Type-A (SuperSpeed 5 Gbps)",Realtek RTL8822CE 802.11a/b/g/n/ac (2x2) Wi-Fi,2.53,1.99cm,35.85cm,24.2cm,2999
Asus,Laptop 14 A416 (A416M-ABV344T),Laptop,Grey,Celeron N4020,2,1.1,2.8 GHz,4,DDR4 SDRAM,PCIe Gen3 x2 SSD,256,Windows 10 Home,14,1920 x 1080,Intel UHD Graphics 600,,VGA Webcam,"LED backlit, 60Hz Anti-Glare Panel with 45% NTSC",Bluetooth 4.1,,"1 x USB Type-C (3.1 Gen 1), 1 x USB Type-A (3.1 Gen 1), 2 x USB Type-A (2.0)",Intel Wi-Fi 5 (802.11ac),1.5,1.99cm,32.54cm,21.6cm,1799
HP,Pavilion Aero Laptop 13-be0049AU,Laptop,Natural Silver,,6,2.3,4.2 GHz,8,DDR4-3200 MHz RAM,PCIe NVMe M.2 SSD,512,Windows 10 Home Single Language 64,13.3,1920 x 1200,AMD Radeon RX Vega 7,,HP Wide Vision 720p HD camera with integrated dual array digital microphones,"IPS, Edge-to-edge glass, Micro-edge, Anti-glare, 400 nits, 100% sRGB",Bluetooth 5.2,,"1 x USB Type-C (SuperSpeed 10Gbps signaling rate, USB Power Delivery, DisplayPort 1.4, HP Sleep and Charge), 2 x USB Type-A (SuperSpeed 5Gbps signaling rate)",Realtek Wi-Fi CERTIFIED 6 (2x2),< 1,1.69cm,29.7cm,20.9cm,3197
MSI,Bravo 15 B5DD-098,Gaming laptop, Black,Ryzen 7 5800H,8,3.2,4.4 GHz,8,DDR4-3200,NVMe PCIe Gen3,512,Windows 10 Home,15.6,1920 x 1080,AMD Radeon RX5500M,4,HD type (30fps @ 720p),IPS-Level,Bluetooth 5.1,,"1 x USB Type-C (3.2 Gen 1), 2 x USB Type-A (3.2 Gen 1), 1 x USB Type-A (2.0)",802.11 ax Wi-Fi 6 ,2.35,2.5cm,35.9cm,25.9cm,4099
Lenovo,IdeaPad 3 (81WH004WMJ),Laptop,Platinum Grey,Celeron N4020,2,1.1,2.8 GHz,4,DDR4 2400 RAM,M.2 2242 PCIe 3.0 SSD,256,Windows 10 Home,14,1366 x 768,Intel UHD Graphics 600,,"720p, with privacy shutter, fixed focus","TN, 220 nits, Anti-glare",Bluetooth 5.0,,"2 x USB Type-A (3.2 Gen 1), 1 x USB Type-A (2.0)",802.11ac 2x2 Wi-Fi,1.41,1.99cm,32.42cm,21.57cm,1497
Asus,A416J-ABV1235TS,Laptop,Slate Grey,Core i3-1005G1,2,,3.4 GHz,4,DDR4,,256,Windows 10 Home,14,1366 x 768,Intel UHD Graphics G1 (Ice Lake 32 EU),,VGA,"16:9 aspect ratio, LED Backlit, 200nits, 45% NTSC color gamut, Anti-glare display",Bluetooth 4.1,,"1 x USB Type-C (3.2 Gen 2), 1 x USB Type-A (3.2 Gen 1), 1 x USB Type-A (2.0)",Wi-Fi 5 (802.11ac),1.6,1.99cm,32.54cm,21.6cm,2199
Huawei,MateBook 14,Laptop,Space Grey,Ryzen 5 4600H,6,3.0,4.0 GHz,8,DDR4 2666MHZ,PCIe SSD,512,Windows 10 Home 64,14,2160 x 1440,AMD Radeon RX Vega 6,,720P HD Recessed,IPS,Bluetooth 5.0,,"1 x USB Type-C, 2 x USB Type-A (3.2 Gen 1)","IEEE 802.11a/b/g/n/ac, 2.4 GHz/5 GHz 2 x 2 MIMO",1.49,1.59cm,30.75cm,22.38cm,3497
Acer,Enduro Urban N3 (EUN314-51W-58TL),Laptop,Denim Blue,Core i5-1135G7,4,2.4,4.2 GHz,4,DDR4 SDRAM,PCI Express SSD,512,Windows 10 Home,14,1920 x 1080,Intel Iris Xe Graphics G7 80EUs,,HD,"ComfyView, In-plane Switching (IPS) Technology",Bluetooth 5.0,,"1 x USB Type-C (3.2 Gen 2, Thunderbolt 4), 3 x USB Type-A (3.2 Gen 1)",IEEE 802.11 a/b/g/n/ac/ax,1.85,2.19cm,35.1cm,24.5cm,3199
Acer,Nitro 5 (AN515-45-R7N5),Gaming laptop,Shale Black,Ryzen 7 5800H ,8,3.2,4.4 GHz,8,DDR4 SDRAM,PCI Express SSD,512,Windows 11 Home,15.6,1920 x 1080,NVIDIA GeForce GTX 1650,4,HD,"144 Hz, LED Backlit, ComfyView, In-plane Switching (IPS) Technology",Bluetooth 5.0,,"1 x USB Type-C (3.2 Gen 2), 1 x USB Type-A (3.2 Gen 2), 2 x USB Type-A (3.2 Gen 1)",IEEE 802.11 a/b/g/n/ac/ax,2.2,2.39cm,36.34cm,25.5cm,4199
MSI,Creator Z16 A11UET 207,Laptop,Lunar Grey,Core i7-11800H,8,2.3,4.6 GHz,32,DDR4-3200,NVMe PCIe Gen4x4 SSD,1 TB,Windows 10 Pro,16,2560 x 1600,NVIDIA GeForce RTX 3060,6,IR HD Type (30 fps @ 720p),"120Hz DCI-P3 100% typical, Finger Touch panel",Bluetooth 5.2,,"2 x USB Type-C (USB, DisplayPort, Thunderbolt 4), 2 x USB Type-A (3.2 Gen 2)",Killer ax Wi-Fi 6E,2.2,1.59cm,35.9cm,25.6cm,11999
HP,Laptop 15S-EQ1017AU,Laptop,Pale Gold,Athlon Silver 3050U,2,2.3,3.2 GHz,4,DDR4-2400 MHz RAM,,256,Windows 10 Home,15.6,1366 x 768,AMD Radeon RX Vega 2,,HP TrueVision HD Camera with integrated dual array digital microphone,SVA BrightView micro-edge WLED-backlit,Bluetooth 4.2,,"1 x USB Type-C (SuperSpeed 5 Gbps signaling rate), 2 x USB Type-A (SuperSpeed 5 Gbps signaling rate)", 802.11ac (1x1) Wi-Fi,1.7,1.79cm,35.85cm,24.2cm,1699
Acer,Enduro Urban N3 (EUN314A-51W-592A),Laptop,Denim Blue,1135G7,4,2.4,4.2 GHz,8,DDR4 SDRAM,PCI Express SSD,512,Windows 10 Home,14,1920 x 1080,Intel Iris Xe Graphics G7 80EUs,,HD,"ComfyView, In-plane Switching (IPS) Technology",Bluetooth 5.0,,"1 x USB Type-C (3.2 Gen 2, Thunderbolt 4), 3 x USB Type-A (3.2 Gen 1)",IEEE 802.11 a/b/g/n/ac/ax,1.85,2.19cm,35.1cm,24.5cm,3497
HP,Laptop 15S-EQ1017AU,Laptop,Pale Gold,Athlon Silver 3050U,2,2.3,3.2 GHz,4,DDR4-2400 MHz RAM,,256,Windows 10 Home,15.6,1366 x 768,AMD Radeon RX Vega 2,,HP TrueVision HD Camera with integrated dual array digital microphone,SVA BrightView micro-edge WLED-backlit,Bluetooth 4.2,,"1 x USB Type-C (SuperSpeed 5 Gbps signaling rate), 2 x USB Type-A (SuperSpeed 5 Gbps signaling rate)", 802.11ac (1x1) Wi-Fi,1.7,1.79cm,35.85cm,24.2cm,1699
Asus,ZenBook Flip S13 OLED (UX371E-AHL283TS),Laptop,Jade Black,,,,,,,,,,,,,,,,,,,,1.2,1.39cm,30.5cm,21.1cm,5997
MSI,Modern 14 B11MOU-870,Laptop,Carbon Gray,Core i3-1115G4,2,3.0,4.1 GHz,4,DDR4-3200,,512,Windows 11 Home,14,1920 x 1080,Intel UHD Graphics Xe G4 48EUs,,HD type (30fps @ 720p),IPS-Level,Bluetooth 5.1,,"1 x USB Type-C (3.2 Gen 2), 2 x USB Type-A (3.2 Gen 2)",802.11 ax Wi-Fi 6 ,1.3,1.81cm,31.9cm,21.9cm,2497
Lenovo,IdeaPad 3 (81W000RXMJ),Laptop,Platinum Grey,Athlon Gold 3150U,2,2.6,3.3 GHz,4,DDR4-2400,SSD M.2 2242 PCIe 3.0x2 NVMe,256,Windows 11 Home,14,1366 x 768,AMD Radeon RX Vega 3,,720p with Privacy Shutter,"TN, 220 nits, Anti-glare",Bluetooth 5.0,,"2 x USB Type-A (3.2 Gen 1), 1 x USB Type-A (2.0)", 802.11ac,1.6,1.99cm,32.71cm,24.1cm,1799
HP,Omen 16-B0075TX,Gaming laptop,Shadow Black,Core i7-11800,8,2.3,4.7 GHz,16,DDR4-3200 MHz RAM,,512,Windows 10 Home,16.1,2560 x 1440),NVIDIA GeForce RTX 3060,6,HP Wide Vision 720p HD camera with integrated dual array digital microphones,"165 Hz, 3 ms response time, IPS, micro-edge, anti-glare, Low Blue Light, 300 nits, 100% sRGB",Bluetooth 5.0,1 x Mini DisplayPort,"1 x USB Type-C (USB 4), 3 x USB Type-A",Intel Wi-Fi Certified 6 AX201 (2x2),2.3,2.3cm,36.92cm,24.8cm,6697
Lenovo,IdeaPad 3 (82H700D9MJ,Laptop,Sand,Core i3-1115G4,2,3.0,4.1 GHz,4,DDR4-3200 ,,512,Windows 10 Home,14,1920 x 1080,Intel UHD Graphics Xe G4 48EUs,,720p with Privacy Shutter,"TN, 250 nits, Anti-glare, 45% NTSC",Bluetooth 5.0,,"1 x USB Type-C (3.2 Gen 1), 1 x USB Type-A (3.2 Gen 1), 1 x USB Type-A (2.0)", 802.11ac,1.41,1.99cm,32.42cm,21.57cm,2299
Huawei,MateBook 14s,Laptop,Space Grey,Core i7-11370H,4,3.1,4.4 GHz,16,LPDDR4x Dual Channel,NVMe PCIe SSD,1 TB,Windows 10 Home,14,2520 x 1680,Intel Iris Xe Graphics G7 96EUs,,720P HD,"LTPS, 100% sRGB, 400 nits, 1.07 billion colors",Bluetooth 5.1,,"2 x USB Type-C (Data, Charging, DisplayPort), 1 x USB Type-A (3.2 Gen 1)",IEEE 802.11a/b/g/n/ac/ax,1.43,1.67cm,31.38cm,22.98cm,6699
Acer,Predator Helios 300 (PH317-55-76CR),Gaming laptop,Abyss Black,Core i7-11800H,8,2.3,4.6 GHz,16,DDR4 SDRAM,,512,Windows 10 Home,17.3,1920 x 1080,NVIDIA GeForce RTX™ 3060,6,HD,"LED, ComfyView, In-plane Switching (IPS) Technology",Bluetooth 5.2,,"1 x USB Type-C (3.2 Gen 2, DisplayPort over USB-C, Thunderbolt 4, USB Charging), 1 x USB Type-A (3.2 Gen 2), 2 x USB Type-A (3.2 Gen 1)",IEEE 802.11 a/b/g/n/ac/ax,2.9,2.66cm,39.8cm,27.53cm,7397
HP,Laptop 14s-dq3000TU,Laptop,,Celeron N4500,2,1.1,2.8 GHz,4,DDR4-2933 MHz RAM,PCIe NVMe M.2 SSD,512,Windows 10 Home,14,1920 x 1080,Intel UHD Graphics,,HP True Vision 720p HD camera with integrated dual array digital microphones,"IPS, micro-edge, BrightView, 250 nits, 45% NTSC",Bluetooth 5.0,,"1 x USB Type-C (SuperSpeed 5 Gbps signaling rate), 2 x USB Type-A (SuperSpeed 5 Gbps signaling rate)",Realtek RTL8822CE 802.11a/b/g/n/ac (2x2) Wi-Fi,1.47,1.79cm,32.4cm,22.5cm,1899
Lenovo,ThinkPad E14 Gen 2,Laptop, Black,Core i5-1135G7,4,2.4,4.2 GHz,8,SDRAM SO-DIMM DDR4 3200MHz,M.2 2242 SSD,512,Windows 10 Home,14,1920 x 1080,Intel Iris Xe Graphics G7 80EUs,,IR Camera with Microphone & ThinkShutter,"IPS, Anti-glare, LED Backlight, Narrow, 45% CG, Non-Touch",Bluetooth 5.0,,"1 x USB Type-C (Thunderbolt 4), 1 x USB Type-A (3.2 Gen 1, Always On), 1 x USB Type-A (2.0)",Intel Wireless 9560 11AC (2x2),1.59,1.79cm,32.4cm,22cm,4297
Huawei,MateBook 14s,Laptop,Spruce Green,Core i5-11300H,8,3.1,4.4 GHz,8,LPDDR4x Dual Channel,NVMe PCIe SSD,512,Windows 10 Home,14.2,2520 x 1680,Intel Iris Xe Graphics G7 80EUs,,720P HD,"LTPS, 100% sRGB, 400 nits, 1.07 billion colors",Bluetooth 5.1,,"2 x USB Type-C (Data, Charging, DisplayPort), 1 x USB Type-A (3.2 Gen 1)",IEEE 802.11a/b/g/n/ac/ax,1.43,1.67cm,31.38cm,22.98cm,4999
HP,Laptop 15s-du1510TU,Laptop,Natural Silver,Core i3-10110U,2,2.1,4.1 GHz,8,DDR4-2666 MHz RAM,,512,Windows 10 Home,15.6,1366 x 768,Intel UHD Graphics 620,,HP True Vision 720p HD camera with integrated dual array digital microphones,"Micro-edge, BrightView, 220 nits, 45% NTSC",Bluetooth 5.0,,"1 x USB Type-C (SuperSpeed 5 Gbps signaling rate), 2 x USB Type-A (SuperSpeed 5 Gbps signaling rate)",Realtek RTL8822CE 802.11a/b/g/n/ac (2x2) Wi-Fi,1.74,1.99cm,35.85cm,24.2cm,2519
Acer,Swift 1 (SF114-34-P9TR),Laptop,Pure Silver,N6000,4,1.1 GHz,,8, LPDDR4X,,256,Windows 10 Home,14,1920 x 1080,Intel UHD Graphics,,,,Bluetooth 5.0,,,,1.30,21.2cm,32.28cm,1.4cm,2199
Lenovo,81W000UVMJ ,Laptop,,,,,,4,SO-DIMM ,M.2 2242 PCIe,256,Windows 10 Home 64,14,1366 x 768,Integrated AMD Radeon Graphics,,,,Bluetooth 5.0,,,,1.6,32.7cm,24.1cm,1.99cm,1549
HP,Envy x360 Convert 13-BD0507TU,2-in-1 Laptops,Pale Gold,Core i7-1165G7,4,2.8,4.7 GHz,8,DDR4-2933 MHz RAM,PCIe NVMe TLC SSD,512,Windows 10 Home,13.3,1920 x 1080,Intel Iris Xe Graphics,,HP Wide Vision 720p HD camera with camera shutter and integrated dual array digital microphones,"OLED, multitouch-enabled, UWVA, edge-to-edge glass, micro-edge, Corning® Gorilla® Glass NBT™, 400 nits, 100% DCI-P3",Bluetooth 5.0,,"1 x USB Type-C (USB4, Thunderbolt 4, 40 Gbps signaling rate, USB Power Delivery, DisplayPort 1.4, HP Sleep and Charge), 1 x USB Type-A (SuperSpeed 5 Gbps signaling rate, HP Sleep and Charge), 1 x USB Type-A (SuperSpeed 5Gbps signaling rate)",Intel Wi-Fi 6 AX201 (2x2),1.33,1.64cm,30.65cm,19.46cm,5159
Acer,Nitro 5 (AN515-55-79CU),Gaming laptop, Black,Core i7-10750H,6,2.6,5.0 GHz,8,DDR4 SDRAM,PCIe NVMe SSD,512,Windows 10 Home,15.6,1920 x 1080,NVIDIA GeForce GTX 1660 Ti,4,HD,144Hz display with IPS (In-Plane Switching) technology,Bluetooth 5.0,,"1 x USB Type-C (3.2 Gen 2), 1 x USB Type-A (3.2 Gen 2), 2 x USB Type-A (3.2 Gen 1)",IEEE 802.11 a/b/g/n/ac/ax,2.3,2.39cm,36.34cm,25.5cm,4899
Asus,ZenBook Duo 14 (UX482E-GHY071TS),Laptop,Celestial Blue,Core i5-1135G7,4,2.4,4.2 GHz,8,LPDDR4X,M.2 NVMe PCIe 3.0 SSD,512,Windows 10 Home,14,1920 x 1080,Intel Iris Xe Graphics G7 80EUs,,HD camera with IR function to support Windows Hello,"16:9,IPS-level Panel,Anti-glare display,LED Backlit,400nits,sRGB: 100%,Pantone Validated,Screen-to-body ratio: 93 ％,With stylus support",Bluetooth 5.0,,"2 x USB Type-C (Thunderbolt 4, Display/Power Delivery), 1 x USB Type-A (3.2 Gen 1)",Wi-Fi 6 (802.11ax),1.62,1.73cm,32.4cm,22.2cm,5999
Acer,Nitro 5 (AN515-57-536D),Gaming laptop,Shale Black,Core i5-11400H,6,2.7,4.5 GHz,8,DDR4 SDRAM,PCI Express,512,Windows 11 Home,15.6,1920 x 1080,NVIDIA GeForce RTX 3050,4,HD,,Bluetooth 5.2,,"1 x USB Type-C (3.2 Gen 2, DisplayPort over USB-C, Thunderbolt 4), 1 x USB Type-A (3.2 Gen 2), 2 x USB Type-A (3.2 Gen 1)",IEEE 802.11 a/b/g/n/ac/ax,2.2,2.39cm,36.34cm,25.5cm,4099
,Aspire 3 (A315-35-P4R5),Laptop,Pure Silver,Pentium Silver N6000,4,1.1,3.3 GHz,4,DDR4 RAM,,256,Windows 11 Home,15.6,1920 x 1080,Intel UHD Graphics,,HD,,Bluetooth 4.0,,"1 x USB Type-A (3.0), 2 x USB Type-A (2.0)",IEEE 802.11ac/a/b/g/n,1.65,1.99cm,34.3cm,24.5cm,1799
Acer,Nitro 5 (AN515-57-76RF),Gaming laptop,Shale Black,Core i7-11800H,8,2.3,4.6 GHz,8,,PCI Express,512,Windows 11 Home,15.6,1920 x 1080,NVIDIA GeForce RTX 3050,4,HD,,Bluetooth 5.2,,"1 x USB Type-C (3.2 Gen 2, DisplayPort over USB-C, Thunderbolt 4), 1 x USB Type-A (3.2 Gen 2), 2 x USB Type-A (3.2 Gen 1)",IEEE 802.11 a/b/g/n/ac/ax,2.2,2.39cm,36.34cm,25.5cm,4799
Acer,Nitro 5 (AN515-57-73H1),Gaming laptop,Shale Black,Core i7-11800H,8,2.3,4.6 GHz,16,DDR4 SDRAM,PCI Express,512,Windows 11 Home,15.6,1920 x 1080,NVIDIA GeForce GTX 1650,4,HD,,Bluetooth 5.2,,"1 x USB Type-C (3.2 Gen 2, DisplayPort over USB-C, Thunderbolt 4), 1 x USB Type-A (3.2 Gen 2), 2 x USB Type-A (3.2 Gen 1)",IEEE 802.11 a/b/g/n/ac/ax,2.2,2.39cm,36.34cm,25.5cm,4599
Acer,Aspire 3 (A314-35-C1E0),Laptop,Electric Blue,Celeron N4500,2,1.1,2.8 GHz,4,DDR4 SDRAM,PCIe NVMe SSD,256,Windows 11 Home,14.1,1920 x 1080,Intel UHD Graphics,,HD,,Bluetooth 4.0,,"1 x USB Type-A (3.0), 2 x USB Type-A (2.0)",IEEE 802.11ac/a/b/g/n,1.65,1.99cm,34.3cm,24.5cm,1799
Acer,Swift 3 (SF314-511-76QE),Laptop,Pure Silver,Core i7-1165G7,4,2.8,4.7 GHz,16,LPDDR4X,,512,Windows 11 Home,14,1920 x 1080,Intel Iris Xe Graphics G7 96EUs,,HD,"ComfyView, In-plane Switching (IPS) Technology",Bluetooth 5.1,,"1 x USB Type-C (3.2 Gen 2, Thunderbolt 4, DisplayPort), 2 x USB Type-A (3.2 Gen 1)",Intel Wireless Wi-Fi 6 AX201,1.2,1.59cm,32.28cm,21.22cm,4097
HP,Pavilion Laptop 14-DV1006TX,Laptop,Warm Gold,Core i5-1155G7,4,2.5,4.5 GHz,8,DDR4-3200 MHz RAM,PCIe NVMe M.2 SSD,512,Windows 11 Home,14,1920 x 1080,NVIDIA GeForce MX450,2,HP Wide Vision 720p HD camera with integrated dual array digital microphones,"IPS, micro-edge, anti-glare, 250 nits, 45% NTSC",Bluetooth 5.2,,"1 x USB Type-C (SuperSpeed 10 Gbps signaling rate, USB Power Delivery, DisplayPort 1.4, HP Sleep and Charge), 2 x USB Type-A (SuperSpeed 5 Gbps signaling rate)",MediaTek Wi-Fi 6 MT7921 (2x2),1.41,1.7cm,32.5cm,21.66cm,3899
Asus,VivoBook Go 14 (E410K-ABV256WS),Laptop, Peacock Blue,Celeron N4500,2,1.1,2.8 GHz,8,DDR4,M.2 NVMe PCIe 3.0 SSD,256,Windows 11 Home,14,1366 x 768,Intel UHD Graphics,,VGA,"16:9 aspect ratio, LED Backlit, 200nits, 45% NTSC color gamut for non-OLED, Anti-glare display, Screen-to-body ratio: 78 ％",Bluetooth 4.1,,"1 x USB Type-C (3.2 Gen 1), 1 x USB Type-A (3.2 Gen 1), 1 x USB Type-A (2.0)",Wi-Fi 5 (802.11ac),1.3,1.84cm,32.5cm,21.7cm,1999
HP,Spectre x360 Convertible 14-ea1022TU,2-in-1 Laptops,Poseidon Blue,Core i7-1195G7,8,2.9,5.0 GHz ,16,LPDDR4x-4266,,1 TB,Windows 11 Home,13.5,1920 x 1280,Intel Iris Xe Graphics G7 96EUs,,	 HP True Vision 720p HD IR camera with camera shutter and integrated dual array digital microphones,"Multitouch-enabled, IPS, edge-to-edge glass, micro-edge, anti-reflection Corning® Gorilla® Glass NBT™, 400 nits, 100% sRGB",Bluetooth 5.0,,"2 x USB Type-C (Thunderbolt 4 with USB4 SuperSpeed 40 Gbps signaling rate, USB Power Delivery, DisplayPort 1.4, HP Sleep and Charge), 1 x USB Type-A (SuperSpeed 10 Gbps signaling rate, HP Sleep and Charge)",Intel Wi-Fi 6 AX201 (2x2),1.34,1.69cm,29.83cm,22.01cm,7099
Acer,Nitro 5 (AN515-45-R91U),Gaming laptop,Shale Black,Ryzen 7 5800H,8,3.2,4.4 GHz,8,DDR4 SDRAM,PCI Express SSD,512,Windows 11 Home,15.6,1920 x 1080,NVIDIA GeForce RTX 3050Ti,4,HD,"LED Backlit, ComfyView, In-plane Switching (IPS) Technology",Bluetooth 5.0,,"1 x USB Type-C (3.2 Gen 2), 1 x USB Type-A (3.2 Gen 2), 2 x USB Type-A (3.2 Gen 1)",IEEE 802.11 a/b/g/n/ac/ax,2.20,2.39cm,36.34cm,25.5cm,4699
MSI,Prestige 14 (A11SB-640),Laptop,Carbon Grey,1185G7,,,,16 GB,LPDDR4,NVMe PCIe SSD,512GB,Windows 11 Home,14,1920 x 1080,NVIDIA GeForce MX450,2GB, 30fps@720p,IR HD,Bluetooth v5.2,,2x Type-C (USB / DP / Thunderbolt™) with PD charging; 1x Type-A USB2.0,Killer ax Wi-Fi 6E,1.29,31.9cm,21.9cm,1.59cm,4799
Asus,VivoBook Pro 15 OLED (M3500Q-CL1212TS),Laptop,Quiet Blue,Ryzen 9 5900HX,8,3.3,4.6 GHz,16,DDR4,M.2 NVMe PCIe 3.0 SSD,512,Windows 10 Home,15.6,1920 x 1080,NVIDIA GeForce RTX 3050,4,,OLED,Bluetooth 5.0,,"1 x USB Type-C (3.2 Gen 1), 1 x USB Type-A (3.2 Gen 1), 2 x USB Type-A (2.0)",Wi-Fi 6 (802.11ax), 1.65,1.89cm,35.98cm,23.53cm,5199
Acer,Aspire 3 (A314-35-C1EO),Laptop,Electric Blue,Celeron N4500,2,1.1,2.8 GHz,4,DDR4 SDRAM,,256,Windows 11 Home,15.6,1920 x 1080,Intel UHD Graphics,,VGA,"LED backlit, ComfyView, In-plane Switching (IPS) Technology",Bluetooth 5.0,,"2 x USB Type-A (3.2 Gen 1), 1 x USB Type-A (2.0)",IEEE 802.11a/b/g/n/ac,1.9,1.99cm,36.34cm,23.84cm,1625
Asus,Laptop 15 A516 (A516E-AEJ1847WS),Laptop,Transparent Silver,Core i3-i3-1115G4,2,3.0,4.1 GHz,4,DDR4 SO-DIMM,M.2 NVMe PCIe 3.0 SSD,512,Windows 11 Home,15.6,1920 x 1080,Intel UHD Graphics Xe G4 48EUs,,VGA Web Camera (Fixed type),"250 nits, 16:9 Anti-glare display NTSC: 45% IPS-level Panel",Bluetooth 4.1,,"1 x USB Type-C (3.2 Gen 1), 1 x USB Type-A (3.2 Gen 1), 2 x USB Type-A (2.0)",Intel Wi-Fi 5 (802.11ac), 1.8,1.99cm,36.02cm,23.49cm,2399
HP,Envy x360 13-BD0508TU,2-in-1 Laptops,Pale Gold,Core i5-1135G7,4,2.4,4.2 GHz,8,DDR4-2933 MHz RAM,PCIe NVMe TLC SSD,512,Windows 10 Home,13.3,1920 x 1080,Intel Iris Xe Graphics G7 80EUs,,HP Wide Vision 720p HD camera with camera shutter and integrated dual array digital microphones,"OLED, multitouch-enabled, UWVA, edge-to-edge glass, micro-edge, Corning Gorilla Glass NBT, 400 nits, 100% DCI-P3",Bluetooth 5.0,,"1 x USB Type-C (40 Gbps signaling rate, USB4, Thunderbolt 4, DisplayPort 1.4, HP Sleep and Charge), 1 x USB Type-A (SuperSpeed 5 Gbps Signaling Rate, HP Sleep and Charge), 1 x USB Type-A (SuperSpeed 5 Gbps Signaling Rate)",Intel Wi-Fi 6 AX201 (2x2),1.33,1.64cm,30.65cm,19.46cm,4245
HP,Pavilion Laptop 14-DV1028TU,Laptop,Natural Silver,Core i5-1155G7,4,2.5,4.5 GHz,8,DDR4-3200 MHz RAM,PCIe NVMe M.2 SSD,512,Windows 11 Home,14,1920 x 1080,Intel Iris Xe Graphics G7 80EUs,,HP Wide Vision 720p HD camera with integrated dual array digital microphones,"IPS, micro-edge, anti-glare, 250 nits, 45% NTSC",Bluetooth 5.2,,"1 x USB Type-C (SuperSpeed 10 Gbps signaling rate, USB Power Delivery, DisplayPort 1.4, HP Sleep and Charge), 2 x USB Type-A (SuperSpeed 5 Gbps signaling rate)",MediaTek Wi-Fi 6 MT7921 (2x2),1.41,1.7cm,32.5cm,21.66cm,3559
,Laptop 15S-FQ2511TU,Laptop,Pale Gold,Core i5-1135G7,4,2.4,4.2 GHz,8,DDR4-2666 MHz RAM,PCIe NVMe M.2 SSD,512,Windows 10 Home,15.6,1920 x 1080,Intel Iris Xe Graphics,,HP True Vision 720p HD camera with integrated dual array digital microphones,"Micro-edge, anti-glare, 250 nits, 45% NTSC",Bluetooth 5.0,,"1 x USB Type-C (SuperSpeed 5 Gbps signaling rate), 2 x USB Type-A (SuperSpeed 5 Gbps signaling rate)",Realtek RTL8822CE 802.11a/b/g/n/ac (2x2) Wi-Fi,1.7,1.79cm,35.8cm,24.2cm,3029
Lenovo,IdeaPad 3 (82H80256MJ),Laptop,Abyss Blue,Core i5-1135G7,4,2.4,4.2 GHz,8,DDR4-3200,M.2 2280 PCIe 3.0x4 NVMe SSD,512,Windows 11 Home,15.6,1920 x 1080,Intel Iris Xe Graphics G7 80EUs,,720p with Privacy Shutter,"TN, 250 nits, Anti-glare",Bluetooth 5.0,,"1 x USB Type-C (3.2 Gen 1),1 x USB Type-A (3.2 Gen 1), 1 x USB Type-A (2.0)",802.11ac (2x2),1.65,1.99cm,35.92cm,23.65cm,2997
MSI,Modern 15 (A5M-094),Laptop,Carbon Gray,Ryzen 7 5700U,8,1.8,4.3 GHz,8,DDR4-3200,NVMe PCIe Gen3,512,Windows 10 Home,15.6,1920 x 1080,AMD Radeon RX Vega 8,,HD type (30fps @ 720p),IPS-Level,Bluetooth 5.1,,"1 x USB Type-C (3.2 Gen 2), 3 x USB Type-A (3.2 Gen 2)",802.11 ax Wi-Fi 6 ,1.6,1.69cm,35.68cm,23.38cm,3099
Asus,Laptop 14 A416 (A416M-ABV550W),Laptop,Transparent Silver,Celeron N4020,2,1.1,2.8 GHz,4,DDR4 SDRAM,PCIe Gen3 x2 SSD,256,Windows 11 Home,14,1920 x 1080,Intel UHD Graphics 600,,VGA Webcam,"LED backlit, 60Hz Anti-Glare Panel with 45% NTSC",Bluetooth 4.1,,"1 x USB Type-C (3.1 Gen 1), 1 x USB Type-A (3.1 Gen 1), 2 x USB Type-A (2.0)",Intel Wi-Fi 5 (802.11ac),1.5,1.99cm,32.54cm,21.6cm,1699
Acer,Swift 3 (SF314-511-51XN),Laptop,Pure Silver,Core i5-1135G7,4,2.4,4.2 GHz,8,LPDDR4X,PCI Express SSD,512,Windows 11 Home,14,1920 x 1080,Intel Iris Xe Graphics G7 80EUs,,HD,"LED, ComfyView, In-plane Switching (IPS) Technology",Bluetooth 5.0,,"1 x USB Type-C (3.2 Gen 2, Thunderbolt 4, DisplayPort), 1 x USB Type-A (3.2 Gen 1), 1 x USB Type-A (2.0)",IEEE 802.11 a/g/n/ac/ax,1.2,1.6cm,32.34cm,21.89cm,3599
HP,Laptop 15S-EQ2070AU,Laptop,Spruce Blue,Ryzen 5 5500U,6,2.1,4.0 GHz,8,DDR4-3200,,512,Windows 10 Home,15.6,1920 x 1080,AMD Radeon RX Vega 7,,HP True Vision 720p HD camera with integrated dual array digital microphones,"Micro-edge, anti-glare, 250 nits, 45% NTSC",Bluetooth 5.0,,"1 x USB Type-C (SuperSpeed 5 Gbps signaling rate), 2 x USB Type-A (SuperSpeed 5 Gbps signaling rate)",Realtek RTL8822CE 802.11a/b/g/n/ac (2x2) Wi-Fi,2,1.79cm,35.85cm,24.2cm,2699
Asus,ROG Zephyrus (GA503Q-MHQ077T),Gaming laptop,Eclipse Grey,5900HS,8,3.0 GHz,4.6 GHz,16 GB,DDR4-3200,NVMe PCIe SSD,512 GB,Windows 10 Home,"15.6""",2560 x 1440,GeForce RTX 3060,6 GB,,,Bluetooth v5.1,,2 x Type-C USB3.2 Gen2; 2 x Type-A USB3.2 Gen2,WiFi 6 (802.11ax),1.90,1.99cm,35.5cm,24.3cm,6999
Acer,Nitro 5 (AN515-45-R7ND),Gaming laptop,Shale Black,Ryzen 5 5600H,6,3.3,4.2 GHz,8,DDR4 SDRAM,PCI Express SSD,512,Windows 11 Home,15.6,1920 x 1080,NVIDIA GeForce GTX1650,4,HD,"LED Backlit, ComfyView, In-plane Switching (IPS) Technology",Bluetooth 5.0,,"1 x USB Type-C (3.2 Gen 2), 1 x USB Type-A (3.2 Gen 2), 2 x USB Type-A (3.2 Gen 1)",IEEE 802.11 a/b/g/n/ac/ax,2.20,2.39cm,36.34cm,25.5cm,3699
MSI,Vector GP66 12UE 272,Gaming laptop, Black,Core i7-12700H,,,,16,DDR4 3200MHz,NVMe PCIe Gen4,1 TB,Windows 11 Home,15.6,1920 x 1080,NVIDIA GeForce RTX 3060,6,HD,"240Hz, IPS-Level",Bluetooth 5.2,1 x Mini DisplayPort,"1 x USB Type-C (3.2 Gen 2, DisplayPort), 3 x USB Type-A (3.2 Gen 1)",Intel Killer AX Wi-Fi 6E,2.38,2.59cm,39.7cm,28.4cm,7999
Acer,Swift X (SFX14-41G-R8QW),Laptop Adapter,Steam Blue,Ryzen 5 5600U,6,2.3,4.2 GHz,8, LPDDR4X,PCI Express SSD,512,Windows 10 Home,14,1920 x 1080,NVIDIA GeForce RTX 3050Ti,4,HD,"LED backlit, ComfyView, In-plane Switching (IPS) Technology",Bluetooth 5.2,,"1 x USB Type-C (3.2 Gen 2), 2 x USB Type-A (3.2 Gen 1)",802.11ax Wi-Fi 6,1.5,1.79cm,32.28cm,21.22cm,4299
HP,ENVY x360 Laptop 13-ay1012AU,2-in-1 Laptops,Nightfall Black Aluminium,5800U,,,4.4GHz,16 GB,DDR4-3200 MHz,PCIe NVMe M.2 SSD,512 GB,Windows 11 Home,13.3,1920 x 1080,AMD Radeon Graphics,,,,Bluetooth 5.2,,"1 x SuperSpeed USB Type-C, 2 x SuperSpeed USB Type-A",Realtek Wi-Fi 6 (2x2),1.32,19.46cm,30.65cm,1.64cm,4799
HP,Pavilion 14-DV1007TX,Laptop,Natural Silver,Core i5-1155G7,4,2.5,4.5 GHz,,DDR4-3200 MHz RAM,PCIe NVMe M.2 SSD,512,Windows 11 Home,14,1920 x 1080,NVIDIA GeForce MX450,2,HP Wide Vision 720p HD camera with integrated dual array digital microphones,"IPS, micro-edge, anti-glare, 250 nits, 45% NTSC",Bluetooth 5.2,,"1 x USB Type-C (SuperSpeed 10 Gbps signaling rate, USB Power Delivery, DisplayPort 1.4, HP Sleep and Charge), 2 x USB Type-A (SuperSpeed 5 Gbps signaling rate)",MediaTek Wi-Fi 6 MT7921 (2x2),1.41,1.7cm,32.5cm,21.66cm,3899
HP,Laptop 14s-fq1043AU,Laptop,Pale Gold,Ryzen 3 5300U,4,2.6,3.8 GHz,8,DDR4-3200 MHz RAM,PCIe NVMe M.2 SSD,512,Windows 10 Home,14,1920 x 1080,AMD Radeon RX Vega 6,,HP True Vision 720p HD camera with integrated dual array digital microphones,"IPS, micro-edge, BrightView, 250 nits, 45% NTSC",Bluetooth 5.0,,"1 x USB Type-C (SuperSpeed 5 Gbps), 2 x USB Type-A (SuperSpeed 5 Gbps)",Realtek RTL8822CE 802.11a/b/g/n/ac (2x2) Wi-Fi,1.47,1.79cm,32.4cm,22.5cm,2599
MSI,GF63 Thin 11SC-625MY,Gaming laptop, Black,Core i5-11400H,4,,,8,,SSD,512,Windows 10 Home,15.6,1920 x 1080,NVIDIA GeForce GTX1650,4,HD,,,,,Intel Wi-Fi 6 AX201 (2x2),1.86,2.17cm,35.9cm,25.4cm,3799
MSI,Katana GF66 12UD-041MY,Gaming laptop, Black,Core i7-12700H,14,,,8,,NVMe PCIe SSD Gen4x4,512,Windows 11 Home,15.6,1920 x 1080,NVIDIA GeForce RTX 3050Ti,4,HD,"144Hz, IPS-Level",Bluetooth 5.2,,"1 x USB Type-C (3.2 Gen 1), 2 x USB Type-A (3.2 Gen 1), 1 x USB Type-A (2.0)",802.11 ax Wi-Fi 6 ,2.25,2.49cm,35.9cm,25.9cm,5299
HP,Pavilion Laptop 15-EG1031TU,Laptop,Fog Blue,Core i5-1155G7,4,2.5,4.5 GHz,8,DDR4-3200 MHz RAM,PCIe NVMe M.2 SSD,512,Windows 11 Home,15.6,1920 x 1080,Intel Iris Xe Graphics G7 80EUs,,HP Wide Vision 720p HD camera with integrated dual array digital microphones,"IPS, micro-edge, anti-glare, 250 nits, 45% NTSC",Bluetooth 5.2,,"1 x USB Type-C (SuperSpeed 10 Gbps signaling rate, USB Power Delivery, DisplayPort 1.4, HP Sleep and Charge), 2 x USB Type-A (SuperSpeed 5 Gbps signaling rate)",MediaTek Wi-Fi 6 MT7921 (2x2),1.7,1.79cm,36.02cm,23.4cm,3559
Asus,ZenBook 14 (UX425E-AKI435TS),Laptop,Pine Grey,Core i7-1165G7,4,,,8,,M.2 NVMe PCIe 3.0 SSD,512,Windows 10 Home,14,1920 x 1080,Intel Iris Xe Graphics,,HD,,,,"2 x USB Type-C (Thunderbolt 4), 1 x USB Type-A (3.2 Gen 1)",Wi-Fi 6 (802.11ax),1.17,1.39cm,31.9cm,20.8cm,4699
HP,Omen 16-B0074TX,Gaming laptop,Shadow Black,Core i7-11800H,8,2.3,4.6 GHz,16,DDR4-3200 MHz RAM,PCIe NVMe TLC M.2 SSD,512,Windows 10 Home,16.1,2560 x 1440,NVIDIA GeForce RTX 3070 with Max-Q design,8,HP Wide Vision 720p HD camera with integrated dual array digital microphones,"165 Hz, 3 ms response time, IPS, micro-edge, anti-glare, Low Blue Light, 300 nits, 100% sRGB",Bluetooth 5.0,1 x mini DisplayPort,"1 x USB Type-C (40 Gbps signaling rate, USB4, Thunderbolt 4, DisplayPort 1.4, HP Sleep and Charge), 1 x USB Type-A  (SuperSpeed 5 Gbps Signaling Rate, HP Sleep and Charge), 2 x USB Type-A  (SuperSpeed 5 Gbps Signaling Rate)",Intel Wi-Fi 6 AX201 (2x2),2.3,2.3cm,36.92cm,24.8cm,7397
Asus,Vivobook Pro 15 OLED (M3500Q-CL1185TS),Laptop,Quiet Blue,Ryzen 5 5600H,6,3.3,4.2 GHz,8,DDR4,M.2 NVMe PCIe 3.0 SSD,512,Windows 10 Home,15.6,1920 x 1080,NVIDIA GeForce RTX 3050,4,," 16:9, 400nits, 100% DCI-P3 color gamut, Pantone Validated, Glossy display, Screen-to-body ratio: 84 ％",Bluetooth 5.0,,"1 x USB Type-C (3.2 Gen 1), 1 x USB Type-A (3.2 Gen 1), 2 x USB Type-A (2.0)",Wi-Fi 6 (802.11ax),1.65,1.99cm,35.98cm,23.53cm,4097
MSI,GF65 Thin (10UE-266),Gaming laptop, Black,Core i7 10750H,6,2.6,5.0 GHz,8,DDR4 2666MHz,NVMe PCIe SSD,512,Windows 10 Home,15.6,1920 x 1080,NVIDIA GeForce RTX 3060 Max-Q,6,HD,144Hz IPS-Level,Bluetooth 5.1,,"2 x USB Type-C (3.2 Gen 1), 2 x USB Type-A (3.2 Gen 1)",802.11 ax Wi-Fi 6 ,1.86,2.17cm,35.9cm,25.4cm,5299
MSI,GF63 Thin 11UC-236,Gaming laptop, Black,Core i5-11400H,4,,,8,,SSD,512,Windows 11 Home,15.6,1920 x 1080,NVIDIA GeForce RTX 3050,4,HD,,,,,Intel Wi-Fi 6 AX201 (2x2),1.86,2.17cm,35.9cm,25.4cm,4299
Asus,VivoBook 15 OLED (K513E-AL13024WS),Laptop,Indie Black,Core i3-1125G4,4,,,4,,M.2 NVMe PCIe 3.0 SSD,512,Windows 11 Home,15.6,1920 x 1080,Intel UHD Graphics,,HD,OLED,Bluetooth 5.0,,"1 x USB Type-C (3.2 Gen 1), 1 x USB Type-A (3.2 Gen 1), 2 x USB Type-A (2.0)",Wi-Fi 6 (802.11ax),1.8,1.79cm,35.9cm,23.5cm,2699
,IdeaPad 3 (81WH004VMJ),Laptop,Blue,Celeron N4020,2,1.1,2.8 GHz,4,DDR4 2400 RAM,M.2 2242 PCIe 3.0 SSD,256,Windows 10 Home,14,1366 x 768,Intel UHD Graphics 600,,"720p, with privacy shutter, fixed focus","TN, 220 nits, Anti-glare",Bluetooth 5.0,,"1 x USB Type-C (3.2 Gen 1), 2 x USB Type-A (3.2 Gen 1), 1 x USB Type-A (2.0)",802.11ac 2x2 Wi-Fi,1.41,1.99cm,32.42cm,21.57cm,1497
HP,Pavilion Aero Laptop 13-be0044AU,Laptop,Pale Rose Gold,Ryzen 5 5600U,6,2.3,4.2 GHz,8,DDR4-3200 MHz RAM,PCIe NVMe M.2 SSD,512,,13.3,2560 x 1600,AMD Radeon RX Vega 7,,HP Wide Vision 720p HD camera with integrated dual array digital microphones,"IPS, micro-edge, anti-glare, 400 nits, 100% sRGB",Bluetooth 5.2,,"1 x USB Type-C (SuperSpeed 10 Gbps signaling rate, USB Power Delivery, DisplayPort 1.4, HP Sleep and Charge), 1 x USB Type-A (SuperSpeed 5 Gbps signaling rate, HP Sleep and Charge), 2 x USB Type-A (SuperSpeed 5 Gbps signaling rate)",Realtek Wi-Fi CERTIFIED 6 (2x2),< 1,1.69cm,29.7cm,20.9cm,3527
Asus,TUF Dash F15 (2021) (FX516P-CHN013T),Gaming laptop,Eclipse Gray,Core i5-11300H,4,3.1,4.4 GHz,8,DDR4 3200 RAM,,512,Windows 10 Home,15.6,1920 x 1080,NVIDIA GeForce RTX 3050,4,HD,"144 Hz, IPS",,,"1 x USB Type-C (Thunderbolt 4), 3 x USB Type-A (3.2 Gen 1)",Wi-Fi 6 (802.11ax),2,1.99cm,36cm,25.2cm,4199
Asus,Zenbook Duo 14 (UX482E-GHY269TS),Laptop,Celestial Blue,Core i7-1165G7,4,2.8,4.7 GHz,16,LPDDR4X,M.2 NVMe PCIe 3.0 SSD,512,Windows 10 Home,14,1920 x 1080,NVIDIA GeForce MX450,2,HD camera with IR function to support Windows Hello,"16:9,IPS-level Panel,Anti-glare display,LED Backlit,400nits,sRGB: 100%,Pantone Validated,Screen-to-body ratio: 93 ％,With stylus support",Bluetooth 5.0,,"2 x USB Type-C (Thunderbolt 4, Display/Power Delivery), 1 x USB Type-A (3.2 Gen 1)",Wi-Fi 6 (802.11ax),1.62,1.73cm,32.42cm,22.2cm,6999
HP,ProBook 440 G8,Laptop,Pike Silver,Core i5-1135G7,4,2.4,4.2 GHz,8,DDR4-3200 SDRAM,PCIe NVMe M.2 SSD,512,Windows 10 Pro 64,14,1920 x 1080,Intel Iris Xe Graphics G7 80EUs,,720p HD camera,"IPS, narrow bezel, anti-glare, 250 nits, 45% NTSC",Bluetooth 5.0,,"1 x USB Type-C (SuperSpeed 10Gbps signaling rate, USB Power Delivery, DisplayPort), 3 x USB Type-A (SuperSpeed USB 5Gbps signaling rate) (1 charging, 1 power)",Intel AX201 Wi-Fi 6 (2x2),1.38,1.99cm,32.19cm,21.39cm,3799
Lenovo,IdeaPad 3 (82H700D8MJ),Laptop,Arctic Grey,Core i3-1115G4,2,3.0,4.1 GHz,4,DDR4-3200,M.2 2242 PCIe 3.0×4 NVMe SSD,512,Windows 10 Home,14,1920 x 1080,Intel UHD Graphics Xe G4 48EUs,,"720p, with privacy shutter, fixed focus","TN, 220 nits, Anti-glare",Bluetooth 5.0,,"1 x USB Type-C (3.2 Gen 1), 2 x USB Type-A (3.2 Gen 1), 1 x USB Type-A (2.0)",802.11ac 2x2 Wi-Fi,1.41,1.99cm,32.42cm,21.57cm,2499
Acer,Enduro Urban N3 (EUN314-51W-72QE),Laptop,Denim Blue,Core i7-1165G7,4,2.8,4.7 GHz,8,DDR4 SDRAM,PCI Express SSD,512,Windows 10 Home,14,1920 x 1080,Intel Iris Xe Graphics,,HD,"ComfyView, In-plane Switching (IPS) Technology",Bluetooth 5.0,,"1 x USB Type-C (3.2 Gen 2, Thunderbolt 4), 3 x USB Type-A (3.2 Gen 1)",IEEE 802.11 a/b/g/n/ac/ax,1.85,2.19cm,35.1cm,24.5cm,3899
HP,Laptop 14S-FQ1044AU,Laptop,,Ryzen 3 5300U,4,2.6,3.8 GHz,8,DDR4-3200 MHz RAM,PCIe NVMe M.2 SSD,512,Windows 10 Home Single Language 64,14,1920 x 1080,AMD Radeon RX Vega 6,,HP True Vision 720p HD camera with integrated dual array digital microphones,"IPS, micro-edge, BrightView, 250 nits, 45% NTSC",Bluetooth 5.0,,"1 x USB Type-C (SuperSpeed 5 Gbps), 2 x USB Type-A (SuperSpeed 5 Gbps)",Realtek RTL8822CE 802.11a/b/g/n/ac (2x2) Wi-Fi,1.47,1.79cm,32.4cm,22.5cm,2197
HP,Pavilion Aero 13.3 (13-BE0029AU),Laptop,Pale Rose Gold,Ryzen 7 5800U,8,1.9,4.4 GHz,8,DDR4-3200 MHz RAM,PCIe NVMe M.2 SSD,51,Windows 10 Home Single Language 64,13.3,2560 x 1600,AMD Radeon RX Vega 8,,HP Wide Vision 720p HD camera with integrated dual array digital microphones,"IPS, micro-edge, anti-glare, 400 nits, 100% sRGB",Bluetooth 5.2,,"1 x USB Type-C (SuperSpeed 10 Gbps signaling rate, USB Power Delivery, DisplayPort 1.4, HP Sleep and Charge), 2 x USB Type-A (SuperSpeed 5 Gbps signaling rate)",Realtek Wi-Fi CERTIFIED 6 (2x2),< 1,1.69cm,29.7cm,20.9cm,3999
Lenovo,ThinkBook 14 Gen 2 (20VD003HMJ),Laptop,Mineral Grey,Core i5-1135G7,4,2.4,4.2 GHz,8,DDR4 3200MHz RAM ,M.2 2242 NVMe TLC SSD ,512,Windows 10 Pro,14,1920 x 1080,Intel Iris Xe Graphics G7 80EUs,,720p HD,"IPS, 250 nits, Anti-glare ",Bluetooth 5.1,,"1 x USB Type-C (Thunderbolt 4, USB4), 1 x USB Type-C (3.1 Gen 2, DP 3.0, DisplayPort 1.4), 2 x USB Type-A (3.0 Gen 1)",Intel Wi-Fi 6 AX201 (2x2),1.4,1.79cm,32.3cm,21.8cm,3599
HP,Laptop 14s-dq3001TU,Laptop,,Celeron N4500,2,1.1,2.8 GHz,4,DDR4-2933 MHz RAM,PCIe NVMe M.2 SSD,512,Windows 10 Home,14,1920 x 1080,Intel UHD Graphics,,HP True Vision 720p HD camera with integrated dual array digital microphones,"IPS, micro-edge, BrightView, 250 nits, 45% NTSC",Bluetooth 5.0,,"1 x USB Type-C (SuperSpeed 5 Gbps Signalling Rate), 2 x USB Type-A (SuperSpeed 5 Gbps Signalling Rate)",Realtek RTL8822CE 802.11a/b/g/n/ac (2x2) Wi-Fi,1.47,1.79cm,32.4cm,22.5cm,1999
Dell,Latitude 3420,Laptop, Black,Core i5-1135G7,4,2.4,4.2 GHz,8,3200MHz DDR4 Non-ECC,PCIe NVMe M.2 Class 35 Solid State Drive,256,Windows 10 Pro 64,14,1920 x 1080,Intel Iris Xe Graphics G7 80EUs,,720p,"AG Non-Touch, 250nits,",Bluetooth 5.1,,"1 x USB Type-C (3.2 Gen 2 with DisplayPort alt mode/Power Delivery), 1 x USB Type-A (3.2 Gen 1 with PowerShare), 1 x USB Type-A (3.2 Gen 1), 1 x USB Type-A (2.0)",Intel Dual Band Wi-Fi 6 AX201 2x2 802.11ax 160MHz,1.52,1.76cm,32.6cm,22.6cm,3599
Asus,E410M-ABV1254TS,Laptop, Peacock Blue,Celeron N4020,2,1.1,,4,DDR4,M.2 NVMe PCIe 3.0 SSD,512,Windows 10 Home,14,1366 x 768,Intel UHD Graphics 600,,VGA,"16:9 aspect ratio, 200nits, 45% NTSC color gamut, LED Backlit for non-OLED, Anti-glare display, Screen-to-body ratio: 78%",Bluetooth 4.1 (Dual band) 1*1,,"1 x USB Type-C (3.2 Gen 1), 1 x USB Type-A (3.2 Gen 1), 1 x USB Type-A (2.0)",Wi-Fi 5 (802.11ac),1.3,1.84cm,32.5cm,21.7cm,2099
Acer,Chromebook Spin 311 (CP311-2HN-C61K),Notebooks,, Intel® Celeron® N4100,4,,,8,LPDDR4,,64,Chrome OS™,11.6″,1366x768,Intel® HD Graphics 600,,720p HD video recording,,Bluetooth 4.0,,,IEEE 802.11ac,1.25,1.99cm,29.6cm,20.6cm,1899
Asus,A516 (A516E-ABQ1300TS),Laptop,Transparent Silver,Core i3-i3-1115G4,2,3.0,4.1 GHz,8,DDR4 SO-DIMM,M.2 NVMe PCIe 3.0 SSD,256,Windows 10 Home,15.6,1920 x 1080,Intel UHD Graphics Xe G4 48EUs,,VGA Web Camera (Fixed type),"250 nits, 16:9 Anti-glare display NTSC: 45% IPS-level Panel ",Bluetooth 4.1,,"1 x USB Type-C (3.2 Gen 1), 1 x USB Type-A (3.2 Gen 1), 2 x USB Type-A (2.0)",Intel Wi-Fi 5 (802.11ac),1.8,1.99cm,36.02cm,23.49cm,2599
HP,Victus 16-E0122AX,Gaming laptop,Performance Blue,Ryzen 5 5600H,6,3.3,4.2 GHz,8,DDR4-3200 SO-DIMM,M.2 NVMe PCIe 3.0 SSD ,512,Windows 10 Home,16.1,1920 x 1080,NVIDIA GeForce RTX 3050,4,HP Wide Vision 720p HD camera with integrated dual array digital microphones,"144 Hz, IPS, micro-edge, anti-glare, 250 nits, 45% NTSC",Bluetooth 5.2,,"1 x USB Type-C (SuperSpeed 5 Gbps signaling rate, DisplayPort 1.4, HP Sleep and Charge), 1 x USB Type-A (SuperSpeed 5 Gbps signaling rate, HP Sleep and Charge), 2 x USB Type-A (SuperSpeed 5 Gbps signaling rate)",Realtek Wi-Fi CERTIFIED 6 (2x2),2.47,2.35cm,37cm,26cm,3799
Microsoft,Surface Laptop 4,Laptop,Matte Black,Core i5-1135G7,4,2.4,4.2 GHz,,,SSD,512,Windows 10 Home,13.5,2256 x 1504,Intel Iris Xe Graphics G7 80EUs,,720p HD f2.0,"3:2 Aspect Ratio, 10 point multi-touch, PixelSense Display",Bluetooth 5.0,1 x Surface Connect port,"1 x USB Type-C, 1 x USB Type-A",Wi-Fi 6: 802.11ax compatible,1.288,1.45cm,30.8cm,22.3cm,6099
Microsoft,Surface Laptop 4 (5IM-00018),Surface Laptop,Matte Black,Core i7-1185G7,4,3.0,4.8 GHz,16,LPDDR4x RAM,SSD,512,Windows 10 Home,15,2496 x 1664,Intel Iris Xe Graphics G7 96EUs,,720p HD f2.0,"3:2 Aspect Ratio, 10 point multi-touch, PixelSense Display",Bluetooth 5.0,1 x Surface Connect port,"1 x USB Type-C, 1 x USB Type-A",Wi-Fi 6: 802.11ax compatible,1.542,1.47cm,33.95cm,24.4cm,8299
HP,Chromebook x360 11 G3,Laptop,Chalkboard Gray,Celeron N4020,2,1.1,2.8 GHz,4,LPDDR4-2400 MHz RAM,eMMC,32,Chrome OS,11.6,1366 x 768,Intel UHD Graphics 600,,720p HD camera,"Touch, IPS, BrightView, 220 nits, 50% NTSC",Bluetooth 5.0,,"2 x USB Type-C (3.1 Gen 1, Power Delivery, Data Transfer, DisplayPort), 2 x USB Type-A (3.1 Gen 1)",Intel Wireless-AC 9560 802.11a/b/g/n/ac (2x2) Wi-Fi,1.45,2.09cm,29.5cm,20.53cm,999
Acer,Aspire 3 (A315-23-R725),Laptop,Charcoal Black,,,,,4,DDR4 SDRAM,SSD,512,Windows 10 Home,15.6,1366 x 768,AMD Radeon RX Vega 3 ,,HD,"ComfyView, LED-backlit LCD",Yes,,"1 x USB Type-A (2.0), 2 x USB Type-A",IEEE 802.11ac,1.90,1.99cm,36.34cm,25.05cm,2599
Microsoft,Surface Laptop Studio (THR-00017),Surface Laptop Studio,Platinum,Core i5-11300H,4,3.1,4.4 GHz,16,LPDDR4x,SSD,256,Windows 11 Home,14.4,2400 x 1600,Intel Iris Xe Graphics,,1080p with Windows Hello Authentication,PixelSense Flow Display,Bluetooth 5.1,1 x Surface Connect port,"2 x USB Type-C (USB4, Thunderbolt 4)",Wi-Fi 6 (802.11ax),1.743,1.89cm,32.33cm,22.83cm,7399
,Surface Laptop Studio (A1Y-00017),Surface Laptop Studio,Platinum,Core i7-11370H,4,3.3,4.8 GHz,16,LPDDR4x,SSD,512,Windows 11 Home,14.4,2400 x 1600,NVIDIA GeForce RTX 3050 Ti,4,1080p with Windows Hello Authentication,PixelSense Flow Display,Bluetooth 5.1,1 x Surface Connect port,"2 x USB Type-C (USB4, Thunderbolt 4)",Wi-Fi 6 (802.11ax),1.82,1.89cm,32.33cm,22.83cm,9399
